{"type": "FeatureCollection", "features": [{"type": "Feature", "properties": {"name": "Abbotsford", "population": 141397, "geonameid": "5881791", "province": "02"}, "geometry": {"type": "Point", "coordinates": [-122.25257, 49.05798]}}, {"type": "Feature", "properties": {"name": "Aberdeen", "population": 12437, "geonameid": "5881870", "province": "02"}, "geometry": {"type": "Point", "coordinates": [-120.36667, 50.65]}}, {"type": "Feature", "properties": {"name": "Acadia", "population": 9915, "geonameid": "5882023", "province": "01"}, "geometry": {"type": "Point", "coordinates": [-114.05688, 50.97172]}}, {"type": "Feature", "properties": {"name": "Acton", "population": 9377, "geonameid": "5882134", "province": "08"}, "geometry": {"type": "Point", "coordinates": [-80.04149, 43.62969]}}, {"type": "Feature", "properties": {"name": "Acton Vale", "population": 7656, "geonameid": "5882142", "province": "10"}, "geometry": {"type": "Point", "coordinates": [-72.56582, 45.65007]}}, {"type": "Feature", "properties": {"name": "Agassiz", "population": 6300, "geonameid": "5882534", "province": "02"}, "geometry": {"type": "Point", "coordinates": [-121.76926, 49.23298]}}, {"type": "Feature", "properties": {"name": "Agincourt North", "population": 29113, "geonameid": "5882600", "province": "08"}, "geometry": {"type": "Point", "coordinates": [-79.27528, 43.80418]}}, {"type": "Feature", "properties": {"name": "Ahuntsic-Cartierville", "population": 135336, "geonameid": "5882725", "province": "10"}, "geometry": {"type": "Point", "coordinates": [-73.66667, 45.56667]}}, {"type": "Feature", "properties": {"name": "Airdrie", "population": 90044, "geonameid": "5882799", "province": "01"}, "geometry": {"type": "Point", "coordinates": [-114.03528, 51.30011]}}, {"type": "Feature", "properties": {"name": "Ajax", "population": 119677, "geonameid": "5882873", "province": "08"}, "geometry": {"type": "Point", "coordinates": [-79.03288, 43.85012]}}, {"type": "Feature", "properties": {"name": "Alberta Avenue", "population": 6581, "geonameid": "5883103", "province": "01"}, "geometry": {"type": "Point", "coordinates": [-113.48333, 53.56667]}}, {"type": "Feature", "properties": {"name": "Albert Park", "population": 12475, "geonameid": "5883172", "province": "11"}, "geometry": {"type": "Point", "coordinates": [-104.63111, 50.40726]}}, {"type": "Feature", "properties": {"name": "Albion", "population": 12424, "geonameid": "5883194", "province": "02"}, "geometry": {"type": "Point", "coordinates": [-122.55687, 49.18751]}}, {"type": "Feature", "properties": {"name": "Albro Lake", "population": 8503, "geonameid": "5883214", "province": "07"}, "geometry": {"type": "Point", "coordinates": [-63.58129, 44.68414]}}, {"type": "Feature", "properties": {"name": "Alderwood", "population": 12054, "geonameid": "5883345", "province": "08"}, "geometry": {"type": "Point", "coordinates": [-79.54604, 43.60348]}}, {"type": "Feature", "properties": {"name": "Alliston", "population": 18809, "geonameid": "5884051", "province": "08"}, "geometry": {"type": "Point", "coordinates": [-79.86635, 44.15011]}}, {"type": "Feature", "properties": {"name": "Alma", "population": 29526, "geonameid": "5884083", "province": "10"}, "geometry": {"type": "Point", "coordinates": [-71.6491, 48.55009]}}, {"type": "Feature", "properties": {"name": "Altadore", "population": 7290, "geonameid": "5884228", "province": "01"}, "geometry": {"type": "Point", "coordinates": [-114.10323, 51.01651]}}, {"type": "Feature", "properties": {"name": "Alta Vista", "population": 24726, "geonameid": "5884238", "province": "08"}, "geometry": {"type": "Point", "coordinates": [-75.65806, 45.38639]}}, {"type": "Feature", "properties": {"name": "Amherst", "population": 9404, "geonameid": "5884467", "province": "07"}, "geometry": {"type": "Point", "coordinates": [-64.19874, 45.83345]}}, {"type": "Feature", "properties": {"name": "Amherstburg", "population": 13910, "geonameid": "5884472", "province": "08"}, "geometry": {"type": "Point", "coordinates": [-83.09985, 42.10009]}}, {"type": "Feature", "properties": {"name": "Amos", "population": 17918, "geonameid": "5884588", "province": "10"}, "geometry": {"type": "Point", "coordinates": [-78.11624, 48.56688]}}, {"type": "Feature", "properties": {"name": "Angus", "population": 10269, "geonameid": "5885280", "province": "08"}, "geometry": {"type": "Point", "coordinates": [-79.88295, 44.31681]}}, {"type": "Feature", "properties": {"name": "Antigonish", "population": 5003, "geonameid": "5886182", "province": "07"}, "geometry": {"type": "Point", "coordinates": [-61.99858, 45.61685]}}, {"type": "Feature", "properties": {"name": "Applewood Park", "population": 6830, "geonameid": "5886468", "province": "01"}, "geometry": {"type": "Point", "coordinates": [-113.925, 51.04306]}}, {"type": "Feature", "properties": {"name": "Arbour Lake", "population": 10335, "geonameid": "5886569", "province": "01"}, "geometry": {"type": "Point", "coordinates": [-114.20278, 51.13472]}}, {"type": "Feature", "properties": {"name": "Arbutus Ridge", "population": 15295, "geonameid": "5886586", "province": "02"}, "geometry": {"type": "Point", "coordinates": [-123.16934, 49.24966]}}, {"type": "Feature", "properties": {"name": "Argyle Park", "population": 6095, "geonameid": "5886886", "province": "11"}, "geometry": {"type": "Point", "coordinates": [-104.62833, 50.49032]}}, {"type": "Feature", "properties": {"name": "Armdale", "population": 16502, "geonameid": "5886971", "province": "07"}, "geometry": {"type": "Point", "coordinates": [-63.62636, 44.63593]}}, {"type": "Feature", "properties": {"name": "Armstrong", "population": 5323, "geonameid": "5887048", "province": "02"}, "geometry": {"type": "Point", "coordinates": [-119.20235, 50.44979]}}, {"type": "Feature", "properties": {"name": "Arnprior", "population": 8795, "geonameid": "5887214", "province": "08"}, "geometry": {"type": "Point", "coordinates": [-76.34939, 45.43341]}}, {"type": "Feature", "properties": {"name": "Val-des-Sources", "population": 7088, "geonameid": "5887470", "province": "10"}, "geometry": {"type": "Point", "coordinates": [-71.9324, 45.76678]}}, {"type": "Feature", "properties": {"name": "Aurora", "population": 55445, "geonameid": "5888377", "province": "08"}, "geometry": {"type": "Point", "coordinates": [-79.46632, 44.00011]}}, {"type": "Feature", "properties": {"name": "Aylmer", "population": 7492, "geonameid": "5888716", "province": "08"}, "geometry": {"type": "Point", "coordinates": [-80.98302, 42.76679]}}, {"type": "Feature", "properties": {"name": "Ayr", "population": 5383, "geonameid": "5888737", "province": "08"}, "geometry": {"type": "Point", "coordinates": [-80.44968, 43.2834]}}, {"type": "Feature", "properties": {"name": "Baie-Comeau", "population": 21536, "geonameid": "5889745", "province": "10"}, "geometry": {"type": "Point", "coordinates": [-68.14894, 49.21679]}}, {"type": "Feature", "properties": {"name": "Banff", "population": 8305, "geonameid": "5892532", "province": "01"}, "geometry": {"type": "Point", "coordinates": [-115.56982, 51.17622]}}, {"type": "Feature", "properties": {"name": "Bankview", "population": 5125, "geonameid": "5892600", "province": "01"}, "geometry": {"type": "Point", "coordinates": [-114.1, 51.03333]}}, {"type": "Feature", "properties": {"name": "Barrie", "population": 147829, "geonameid": "5894171", "province": "08"}, "geometry": {"type": "Point", "coordinates": [-79.66634, 44.40011]}}, {"type": "Feature", "properties": {"name": "Baturyn", "population": 5267, "geonameid": "5895186", "province": "01"}, "geometry": {"type": "Point", "coordinates": [-113.50139, 53.63333]}}, {"type": "Feature", "properties": {"name": "Bay Roberts", "population": 6012, "geonameid": "5895424", "province": "05"}, "geometry": {"type": "Point", "coordinates": [-53.26478, 47.59989]}}, {"type": "Feature", "properties": {"name": "Bayview Village", "population": 21396, "geonameid": "5895482", "province": "08"}, "geometry": {"type": "Point", "coordinates": [-79.38028, 43.77639]}}, {"type": "Feature", "properties": {"name": "Beaconsfield", "population": 19194, "geonameid": "5895650", "province": "10"}, "geometry": {"type": "Point", "coordinates": [-73.86586, 45.43341]}}, {"type": "Feature", "properties": {"name": "Bearspaw", "population": 5567, "geonameid": "5896271", "province": "01"}, "geometry": {"type": "Point", "coordinates": [-114.302, 51.13341]}}, {"type": "Feature", "properties": {"name": "Beauharnois", "population": 11918, "geonameid": "5896495", "province": "10"}, "geometry": {"type": "Point", "coordinates": [-73.8725, 45.31341]}}, {"type": "Feature", "properties": {"name": "Beaumont", "population": 7366, "geonameid": "5896522", "province": "01"}, "geometry": {"type": "Point", "coordinates": [-113.41871, 53.35013]}}, {"type": "Feature", "properties": {"name": "Beaver Bank", "population": 6000, "geonameid": "5896590", "province": "07"}, "geometry": {"type": "Point", "coordinates": [-63.68079, 44.82484]}}, {"type": "Feature", "properties": {"name": "Bécancour", "population": 11134, "geonameid": "5897209", "province": "10"}, "geometry": {"type": "Point", "coordinates": [-72.43224, 46.34106]}}, {"type": "Feature", "properties": {"name": "Beddington Heights", "population": 11295, "geonameid": "5897312", "province": "01"}, "geometry": {"type": "Point", "coordinates": [-114.07917, 51.12917]}}, {"type": "Feature", "properties": {"name": "Bedford", "population": 21474, "geonameid": "5897321", "province": "07"}, "geometry": {"type": "Point", "coordinates": [-63.66732, 44.72552]}}, {"type": "Feature", "properties": {"name": "Belle River", "population": 9650, "geonameid": "5897865", "province": "08"}, "geometry": {"type": "Point", "coordinates": [-82.71192, 42.29264]}}, {"type": "Feature", "properties": {"name": "Belleville", "population": 50716, "geonameid": "5897884", "province": "08"}, "geometry": {"type": "Point", "coordinates": [-77.38277, 44.16682]}}, {"type": "Feature", "properties": {"name": "Bells Corners", "population": 9272, "geonameid": "5898070", "province": "08"}, "geometry": {"type": "Point", "coordinates": [-75.83012, 45.31588]}}, {"type": "Feature", "properties": {"name": "Belmont", "population": 5198, "geonameid": "5898127", "province": "01"}, "geometry": {"type": "Point", "coordinates": [-113.39367, 53.59245]}}, {"type": "Feature", "properties": {"name": "Beloeil", "population": 18927, "geonameid": "5898138", "province": "10"}, "geometry": {"type": "Point", "coordinates": [-73.20568, 45.56839]}}, {"type": "Feature", "properties": {"name": "Belvedere", "population": 5018, "geonameid": "5898168", "province": "01"}, "geometry": {"type": "Point", "coordinates": [-113.43864, 53.59312]}}, {"type": "Feature", "properties": {"name": "Bendale", "population": 29960, "geonameid": "5898265", "province": "08"}, "geometry": {"type": "Point", "coordinates": [-79.25326, 43.76681]}}, {"type": "Feature", "properties": {"name": "Bible Hill", "population": 5076, "geonameid": "5899368", "province": "07"}, "geometry": {"type": "Point", "coordinates": [-63.238, 45.375]}}, {"type": "Feature", "properties": {"name": "Binbrook", "population": 8796, "geonameid": "5901272", "province": "08"}, "geometry": {"type": "Point", "coordinates": [-79.81104, 43.12135]}}, {"type": "Feature", "properties": {"name": "Blackburn Hamlet", "population": 8173, "geonameid": "5902353", "province": "08"}, "geometry": {"type": "Point", "coordinates": [-75.56462, 45.43671]}}, {"type": "Feature", "properties": {"name": "Blackfalds", "population": 11015, "geonameid": "5902599", "province": "01"}, "geometry": {"type": "Point", "coordinates": [-113.7853, 52.38342]}}, {"type": "Feature", "properties": {"name": "Blainville", "population": 46493, "geonameid": "5903510", "province": "10"}, "geometry": {"type": "Point", "coordinates": [-73.88249, 45.66678]}}, {"type": "Feature", "properties": {"name": "Blossom Park", "population": 14190, "geonameid": "5904032", "province": "08"}, "geometry": {"type": "Point", "coordinates": [-75.62667, 45.34889]}}, {"type": "Feature", "properties": {"name": "The Blue Mountains", "population": 9390, "geonameid": "5904414", "province": "08"}, "geometry": {"type": "Point", "coordinates": [-80.458, 44.5584]}}, {"type": "Feature", "properties": {"name": "Bluewater", "population": 7044, "geonameid": "5904501", "province": "08"}, "geometry": {"type": "Point", "coordinates": [-81.59977, 43.46679]}}, {"type": "Feature", "properties": {"name": "Boisbriand", "population": 26483, "geonameid": "5905132", "province": "10"}, "geometry": {"type": "Point", "coordinates": [-73.83249, 45.61678]}}, {"type": "Feature", "properties": {"name": "Bois-des-Filion", "population": 8383, "geonameid": "5905152", "province": "10"}, "geometry": {"type": "Point", "coordinates": [-73.74918, 45.66678]}}, {"type": "Feature", "properties": {"name": "Bolton", "population": 26795, "geonameid": "5905308", "province": "08"}, "geometry": {"type": "Point", "coordinates": [-79.73791, 43.87952]}}, {"type": "Feature", "properties": {"name": "Bonnyville", "population": 5975, "geonameid": "5905616", "province": "01"}, "geometry": {"type": "Point", "coordinates": [-110.73505, 54.26684]}}, {"type": "Feature", "properties": {"name": "Boucherville", "population": 39062, "geonameid": "5906267", "province": "10"}, "geometry": {"type": "Point", "coordinates": [-73.43605, 45.59104]}}, {"type": "Feature", "properties": {"name": "Bowmanville", "population": 39371, "geonameid": "5906831", "province": "08"}, "geometry": {"type": "Point", "coordinates": [-78.68286, 43.91682]}}, {"type": "Feature", "properties": {"name": "Bowness", "population": 10770, "geonameid": "5906836", "province": "01"}, "geometry": {"type": "Point", "coordinates": [-114.16866, 51.08344]}}, {"type": "Feature", "properties": {"name": "Boyle Street", "population": 6947, "geonameid": "5907048", "province": "01"}, "geometry": {"type": "Point", "coordinates": [-113.47917, 53.55]}}, {"type": "Feature", "properties": {"name": "Bracebridge", "population": 16010, "geonameid": "5907092", "province": "08"}, "geometry": {"type": "Point", "coordinates": [-79.31633, 45.03341]}}, {"type": "Feature", "properties": {"name": "Braeside", "population": 5700, "geonameid": "5907296", "province": "01"}, "geometry": {"type": "Point", "coordinates": [-114.10538, 50.95421]}}, {"type": "Feature", "properties": {"name": "Brampton", "population": 656480, "geonameid": "5907364", "province": "08"}, "geometry": {"type": "Point", "coordinates": [-79.76633, 43.68341]}}, {"type": "Feature", "properties": {"name": "Brandon", "population": 48859, "geonameid": "5907896", "province": "03"}, "geometry": {"type": "Point", "coordinates": [-99.95306, 49.84692]}}, {"type": "Feature", "properties": {"name": "Brant", "population": 34415, "geonameid": "5907983", "province": "08"}, "geometry": {"type": "Point", "coordinates": [-80.34967, 43.1334]}}, {"type": "Feature", "properties": {"name": "Brantford", "population": 104688, "geonameid": "5907990", "province": "08"}, "geometry": {"type": "Point", "coordinates": [-80.26636, 43.1334]}}, {"type": "Feature", "properties": {"name": "Brentwood", "population": 7410, "geonameid": "5908471", "province": "01"}, "geometry": {"type": "Point", "coordinates": [-114.13319, 51.09813]}}, {"type": "Feature", "properties": {"name": "Brentwood Bay", "population": 7581, "geonameid": "5908473", "province": "02"}, "geometry": {"type": "Point", "coordinates": [-123.45262, 48.58294]}}, {"type": "Feature", "properties": {"name": "Brentwood Park", "population": 10500, "geonameid": "5908474", "province": "02"}, "geometry": {"type": "Point", "coordinates": [-122.99167, 49.275]}}, {"type": "Feature", "properties": {"name": "Breslau", "population": 5053, "geonameid": "5908481", "province": "08"}, "geometry": {"type": "Point", "coordinates": [-80.41638, 43.4668]}}, {"type": "Feature", "properties": {"name": "West Springs", "population": 11560, "geonameid": "5908623", "province": "01"}, "geometry": {"type": "Point", "coordinates": [-114.19807, 51.06114]}}, {"type": "Feature", "properties": {"name": "Bridgeport", "population": 5902, "geonameid": "5908691", "province": "08"}, "geometry": {"type": "Point", "coordinates": [-80.48299, 43.4834]}}, {"type": "Feature", "properties": {"name": "Bridgeview", "population": 5082, "geonameid": "5908720", "province": "02"}, "geometry": {"type": "Point", "coordinates": [-122.86028, 49.2081]}}, {"type": "Feature", "properties": {"name": "Bridgewater", "population": 8790, "geonameid": "5908723", "province": "07"}, "geometry": {"type": "Point", "coordinates": [-64.51882, 44.37856]}}, {"type": "Feature", "properties": {"name": "Bridlewood", "population": 24400, "geonameid": "5908737", "province": "08"}, "geometry": {"type": "Point", "coordinates": [-75.8569, 45.28522]}}, {"type": "Feature", "properties": {"name": "Bridlewood", "population": 12545, "geonameid": "5908738", "province": "01"}, "geometry": {"type": "Point", "coordinates": [-114.10812, 50.89979]}}, {"type": "Feature", "properties": {"name": "Brighouse-City Centre", "population": 62855, "geonameid": "5908809", "province": "02"}, "geometry": {"type": "Point", "coordinates": [-123.13333, 49.16667]}}, {"type": "Feature", "properties": {"name": "Broadmoor", "population": 23050, "geonameid": "5909204", "province": "02"}, "geometry": {"type": "Point", "coordinates": [-123.13333, 49.15]}}, {"type": "Feature", "properties": {"name": "Brocklehurst", "population": 16713, "geonameid": "5909278", "province": "02"}, "geometry": {"type": "Point", "coordinates": [-120.41337, 50.70825]}}, {"type": "Feature", "properties": {"name": "Brockville", "population": 23886, "geonameid": "5909294", "province": "08"}, "geometry": {"type": "Point", "coordinates": [-75.68705, 44.59132]}}, {"type": "Feature", "properties": {"name": "Brooklin", "population": 25000, "geonameid": "5909483", "province": "08"}, "geometry": {"type": "Point", "coordinates": [-78.95972, 43.95833]}}, {"type": "Feature", "properties": {"name": "Brooks", "population": 14451, "geonameid": "5909514", "province": "01"}, "geometry": {"type": "Point", "coordinates": [-111.88509, 50.58341]}}, {"type": "Feature", "properties": {"name": "Brookswood", "population": 13336, "geonameid": "5909573", "province": "02"}, "geometry": {"type": "Point", "coordinates": [-122.66667, 49.06667]}}, {"type": "Feature", "properties": {"name": "Brossard", "population": 69575, "geonameid": "5909629", "province": "10"}, "geometry": {"type": "Point", "coordinates": [-73.46583, 45.45008]}}, {"type": "Feature", "properties": {"name": "Brownsburg-Chatham", "population": 6664, "geonameid": "5909969", "province": "10"}, "geometry": {"type": "Point", "coordinates": [-74.4159, 45.68342]}}, {"type": "Feature", "properties": {"name": "Burlington", "population": 186948, "geonameid": "5911592", "province": "08"}, "geometry": {"type": "Point", "coordinates": [-79.83713, 43.38621]}}, {"type": "Feature", "properties": {"name": "Burnaby", "population": 249125, "geonameid": "5911606", "province": "02"}, "geometry": {"type": "Point", "coordinates": [-122.95263, 49.26636]}}, {"type": "Feature", "properties": {"name": "Burnaby Heights", "population": 8280, "geonameid": "5911609", "province": "02"}, "geometry": {"type": "Point", "coordinates": [-123.0, 49.28333]}}, {"type": "Feature", "properties": {"name": "Burnside", "population": 7506, "geonameid": "5911715", "province": "07"}, "geometry": {"type": "Point", "coordinates": [-63.60051, 44.70175]}}, {"type": "Feature", "properties": {"name": "Burquitlam", "population": 14896, "geonameid": "5912150", "province": "02"}, "geometry": {"type": "Point", "coordinates": [-122.88333, 49.26667]}}, {"type": "Feature", "properties": {"name": "Caledon", "population": 76581, "geonameid": "5913414", "province": "08"}, "geometry": {"type": "Point", "coordinates": [-79.99322, 43.86544]}}, {"type": "Feature", "properties": {"name": "Calgary", "population": 1306784, "geonameid": "5913490", "province": "01"}, "geometry": {"type": "Point", "coordinates": [-114.08529, 51.05011]}}, {"type": "Feature", "properties": {"name": "Callingwood South", "population": 5581, "geonameid": "5913579", "province": "01"}, "geometry": {"type": "Point", "coordinates": [-113.625, 53.5]}}, {"type": "Feature", "properties": {"name": "Cambridge", "population": 129920, "geonameid": "5913695", "province": "08"}, "geometry": {"type": "Point", "coordinates": [-80.31269, 43.3601]}}, {"type": "Feature", "properties": {"name": "Camlachie", "population": 7506, "geonameid": "5913934", "province": "08"}, "geometry": {"type": "Point", "coordinates": [-82.1616, 43.03596]}}, {"type": "Feature", "properties": {"name": "Campbell River", "population": 33430, "geonameid": "5914132", "province": "02"}, "geometry": {"type": "Point", "coordinates": [-125.24459, 50.01634]}}, {"type": "Feature", "properties": {"name": "Camrose", "population": 20405, "geonameid": "5914653", "province": "01"}, "geometry": {"type": "Point", "coordinates": [-112.83525, 53.01684]}}, {"type": "Feature", "properties": {"name": "Candiac", "population": 15947, "geonameid": "5914826", "province": "10"}, "geometry": {"type": "Point", "coordinates": [-73.51587, 45.38338]}}, {"type": "Feature", "properties": {"name": "Canmore", "population": 13992, "geonameid": "5914894", "province": "01"}, "geometry": {"type": "Point", "coordinates": [-115.35206, 51.08335]}}, {"type": "Feature", "properties": {"name": "Cantley", "population": 10412, "geonameid": "5915148", "province": "10"}, "geometry": {"type": "Point", "coordinates": [-75.78265, 45.5668]}}, {"type": "Feature", "properties": {"name": "Canyon Meadows", "population": 7435, "geonameid": "5915247", "province": "01"}, "geometry": {"type": "Point", "coordinates": [-114.08092, 50.94285]}}, {"type": "Feature", "properties": {"name": "Cap-aux-Meules", "population": 12190, "geonameid": "5915327", "province": "10"}, "geometry": {"type": "Point", "coordinates": [-61.85968, 47.38208]}}, {"type": "Feature", "properties": {"name": "Capitol Hill", "population": 6330, "geonameid": "5916424", "province": "02"}, "geometry": {"type": "Point", "coordinates": [-122.98333, 49.28333]}}, {"type": "Feature", "properties": {"name": "Cariboo", "population": 22780, "geonameid": "5916896", "province": "02"}, "geometry": {"type": "Point", "coordinates": [-122.88333, 49.25]}}, {"type": "Feature", "properties": {"name": "Carignan", "population": 7426, "geonameid": "5917117", "province": "10"}, "geometry": {"type": "Point", "coordinates": [-73.29916, 45.45008]}}, {"type": "Feature", "properties": {"name": "Carleton Place", "population": 11901, "geonameid": "5917158", "province": "08"}, "geometry": {"type": "Point", "coordinates": [-76.14938, 45.13341]}}, {"type": "Feature", "properties": {"name": "Cartierville", "population": 34667, "geonameid": "5917781", "province": "10"}, "geometry": {"type": "Point", "coordinates": [-73.70358, 45.53118]}}, {"type": "Feature", "properties": {"name": "Cascade Heights", "population": 7449, "geonameid": "5917868", "province": "02"}, "geometry": {"type": "Point", "coordinates": [-123.01667, 49.25]}}, {"type": "Feature", "properties": {"name": "Castlegar", "population": 8338, "geonameid": "5918118", "province": "02"}, "geometry": {"type": "Point", "coordinates": [-117.65831, 49.32317]}}, {"type": "Feature", "properties": {"name": "Castleridge", "population": 6130, "geonameid": "5918162", "province": "01"}, "geometry": {"type": "Point", "coordinates": [-113.95556, 51.10556]}}, {"type": "Feature", "properties": {"name": "Cedarbrae", "population": 5935, "geonameid": "5918777", "province": "01"}, "geometry": {"type": "Point", "coordinates": [-114.12975, 50.95648]}}, {"type": "Feature", "properties": {"name": "Centennial Place", "population": 7698, "geonameid": "5919004", "province": "04"}, "geometry": {"type": "Point", "coordinates": [-64.81667, 46.08333]}}, {"type": "Feature", "properties": {"name": "Central Business District", "population": 12101, "geonameid": "5919015", "province": "11"}, "geometry": {"type": "Point", "coordinates": [-106.66228, 52.13032]}}, {"type": "Feature", "properties": {"name": "Central Saanich", "population": 17385, "geonameid": "5919137", "province": "02"}, "geometry": {"type": "Point", "coordinates": [-123.41932, 48.56634]}}, {"type": "Feature", "properties": {"name": "Centretown", "population": 25687, "geonameid": "5919248", "province": "08"}, "geometry": {"type": "Point", "coordinates": [-75.69639, 45.41534]}}, {"type": "Feature", "properties": {"name": "Chambly", "population": 22608, "geonameid": "5919566", "province": "10"}, "geometry": {"type": "Point", "coordinates": [-73.28246, 45.45008]}}, {"type": "Feature", "properties": {"name": "Chaparral", "population": 12500, "geonameid": "5919853", "province": "01"}, "geometry": {"type": "Point", "coordinates": [-114.03333, 50.88611]}}, {"type": "Feature", "properties": {"name": "Charlemagne", "population": 5594, "geonameid": "5920089", "province": "10"}, "geometry": {"type": "Point", "coordinates": [-73.48247, 45.71678]}}, {"type": "Feature", "properties": {"name": "Charlottetown", "population": 38809, "geonameid": "5920288", "province": "09"}, "geometry": {"type": "Point", "coordinates": [-63.1256, 46.23459]}}, {"type": "Feature", "properties": {"name": "Chartersville", "population": 5600, "geonameid": "5920343", "province": "04"}, "geometry": {"type": "Point", "coordinates": [-64.73339, 46.08494]}}, {"type": "Feature", "properties": {"name": "Châteauguay", "population": 42786, "geonameid": "5920433", "province": "10"}, "geometry": {"type": "Point", "coordinates": [-73.74919, 45.38338]}}, {"type": "Feature", "properties": {"name": "Chatham", "population": 43550, "geonameid": "5920457", "province": "08"}, "geometry": {"type": "Point", "coordinates": [-82.18494, 42.41224]}}, {"type": "Feature", "properties": {"name": "Chelsea", "population": 8000, "geonameid": "5920652", "province": "10"}, "geometry": {"type": "Point", "coordinates": [-75.78265, 45.5001]}}, {"type": "Feature", "properties": {"name": "Chestermere", "population": 32255, "geonameid": "5921060", "province": "01"}, "geometry": {"type": "Point", "coordinates": [-113.81867, 51.03341]}}, {"type": "Feature", "properties": {"name": "Chibougamau", "population": 7563, "geonameid": "5921147", "province": "10"}, "geometry": {"type": "Point", "coordinates": [-74.36586, 49.91684]}}, {"type": "Feature", "properties": {"name": "Chicoutimi", "population": 69004, "geonameid": "5921225", "province": "10"}, "geometry": {"type": "Point", "coordinates": [-71.06369, 48.41963]}}, {"type": "Feature", "properties": {"name": "Chilliwack", "population": 101491, "geonameid": "5921356", "province": "02"}, "geometry": {"type": "Point", "coordinates": [-121.95257, 49.16638]}}, {"type": "Feature", "properties": {"name": "Chippawa", "population": 6077, "geonameid": "5921556", "province": "08"}, "geometry": {"type": "Point", "coordinates": [-79.04717, 43.0571]}}, {"type": "Feature", "properties": {"name": "Chisasibi", "population": 5397, "geonameid": "5921588", "province": "10"}, "geometry": {"type": "Point", "coordinates": [-78.9, 53.78333]}}, {"type": "Feature", "properties": {"name": "Chomedey", "population": 94030, "geonameid": "5921719", "province": "10"}, "geometry": {"type": "Point", "coordinates": [-73.75, 45.53333]}}, {"type": "Feature", "properties": {"name": "Churchill Park", "population": 5086, "geonameid": "5922127", "province": "05"}, "geometry": {"type": "Point", "coordinates": [-52.721, 47.577]}}, {"type": "Feature", "properties": {"name": "Citadel", "population": 10180, "geonameid": "5922833", "province": "01"}, "geometry": {"type": "Point", "coordinates": [-114.18125, 51.14533]}}, {"type": "Feature", "properties": {"name": "Clarence-Rockland", "population": 20790, "geonameid": "5923101", "province": "08"}, "geometry": {"type": "Point", "coordinates": [-75.29101, 45.5501]}}, {"type": "Feature", "properties": {"name": "Clarenville", "population": 6704, "geonameid": "5923118", "province": "05"}, "geometry": {"type": "Point", "coordinates": [-53.96482, 48.1666]}}, {"type": "Feature", "properties": {"name": "Clayburn", "population": 11755, "geonameid": "5923436", "province": "02"}, "geometry": {"type": "Point", "coordinates": [-122.26176, 49.0691]}}, {"type": "Feature", "properties": {"name": "Clayton Park", "population": 5201, "geonameid": "5923522", "province": "07"}, "geometry": {"type": "Point", "coordinates": [-63.64731, 44.66029]}}, {"type": "Feature", "properties": {"name": "Cliffcrest", "population": 15935, "geonameid": "5923921", "province": "08"}, "geometry": {"type": "Point", "coordinates": [-79.23091, 43.72192]}}, {"type": "Feature", "properties": {"name": "Cloverdale", "population": 73355, "geonameid": "5924204", "province": "02"}, "geometry": {"type": "Point", "coordinates": [-122.7276, 49.10797]}}, {"type": "Feature", "properties": {"name": "Coaldale", "population": 8215, "geonameid": "5924417", "province": "01"}, "geometry": {"type": "Point", "coordinates": [-112.61854, 49.7167]}}, {"type": "Feature", "properties": {"name": "Coaticook", "population": 7021, "geonameid": "5924500", "province": "10"}, "geometry": {"type": "Point", "coordinates": [-71.79907, 45.13339]}}, {"type": "Feature", "properties": {"name": "Cobourg", "population": 18099, "geonameid": "5924579", "province": "08"}, "geometry": {"type": "Point", "coordinates": [-78.16515, 43.95977]}}, {"type": "Feature", "properties": {"name": "Cochrane", "population": 5390, "geonameid": "5924614", "province": "08"}, "geometry": {"type": "Point", "coordinates": [-81.03307, 49.06689]}}, {"type": "Feature", "properties": {"name": "Cochrane", "population": 32199, "geonameid": "5924618", "province": "01"}, "geometry": {"type": "Point", "coordinates": [-114.46871, 51.18341]}}, {"type": "Feature", "properties": {"name": "Cold Lake", "population": 11595, "geonameid": "5925024", "province": "01"}, "geometry": {"type": "Point", "coordinates": [-110.18154, 54.46525]}}, {"type": "Feature", "properties": {"name": "Coldstream", "population": 11171, "geonameid": "5925058", "province": "02"}, "geometry": {"type": "Point", "coordinates": [-119.20235, 50.21649]}}, {"type": "Feature", "properties": {"name": "College Park", "population": 6208, "geonameid": "5925315", "province": "11"}, "geometry": {"type": "Point", "coordinates": [-106.59478, 52.12143]}}, {"type": "Feature", "properties": {"name": "Collingwood", "population": 21793, "geonameid": "5925975", "province": "08"}, "geometry": {"type": "Point", "coordinates": [-80.21638, 44.4834]}}, {"type": "Feature", "properties": {"name": "Colwood", "population": 16859, "geonameid": "5926268", "province": "02"}, "geometry": {"type": "Point", "coordinates": [-123.48591, 48.43293]}}, {"type": "Feature", "properties": {"name": "Comox", "population": 14806, "geonameid": "5926432", "province": "02"}, "geometry": {"type": "Point", "coordinates": [-124.93613, 49.68294]}}, {"type": "Feature", "properties": {"name": "Conception Bay South", "population": 27168, "geonameid": "5926511", "province": "05"}, "geometry": {"type": "Point", "coordinates": [-52.99806, 47.49989]}}, {"type": "Feature", "properties": {"name": "Concord", "population": 8255, "geonameid": "5926526", "province": "08"}, "geometry": {"type": "Point", "coordinates": [-79.48291, 43.80011]}}, {"type": "Feature", "properties": {"name": "Confederation Park", "population": 7571, "geonameid": "5926598", "province": "11"}, "geometry": {"type": "Point", "coordinates": [-106.73673, 52.14032]}}, {"type": "Feature", "properties": {"name": "Convoy Place", "population": 5581, "geonameid": "5927043", "province": "07"}, "geometry": {"type": "Point", "coordinates": [-63.61431, 44.66785]}}, {"type": "Feature", "properties": {"name": "Cookshire-Eaton", "population": 5344, "geonameid": "5927235", "province": "10"}, "geometry": {"type": "Point", "coordinates": [-71.6324, 45.41675]}}, {"type": "Feature", "properties": {"name": "Coquitlam", "population": 148625, "geonameid": "5927690", "province": "02"}, "geometry": {"type": "Point", "coordinates": [-122.78217, 49.2846]}}, {"type": "Feature", "properties": {"name": "Coral Springs", "population": 5610, "geonameid": "5927720", "province": "01"}, "geometry": {"type": "Point", "coordinates": [-113.93056, 51.10139]}}, {"type": "Feature", "properties": {"name": "Cordova Bay", "population": 8100, "geonameid": "5927816", "province": "02"}, "geometry": {"type": "Point", "coordinates": [-123.36667, 48.51667]}}, {"type": "Feature", "properties": {"name": "Corner Brook", "population": 19316, "geonameid": "5927969", "province": "05"}, "geometry": {"type": "Point", "coordinates": [-57.95202, 48.95001]}}, {"type": "Feature", "properties": {"name": "Cornwall", "population": 6574, "geonameid": "5928063", "province": "09"}, "geometry": {"type": "Point", "coordinates": [-63.21809, 46.22652]}}, {"type": "Feature", "properties": {"name": "Cornwall", "population": 48821, "geonameid": "5928065", "province": "08"}, "geometry": {"type": "Point", "coordinates": [-74.72815, 45.01809]}}, {"type": "Feature", "properties": {"name": "Coronation Park", "population": 7235, "geonameid": "5928120", "province": "11"}, "geometry": {"type": "Point", "coordinates": [-104.62555, 50.47837]}}, {"type": "Feature", "properties": {"name": "Corunna", "population": 5686, "geonameid": "5928202", "province": "08"}, "geometry": {"type": "Point", "coordinates": [-82.43313, 42.88338]}}, {"type": "Feature", "properties": {"name": "Coteau-du-Lac", "population": 7044, "geonameid": "5928337", "province": "10"}, "geometry": {"type": "Point", "coordinates": [-74.18253, 45.30008]}}, {"type": "Feature", "properties": {"name": "Côte-Saint-Luc", "population": 31395, "geonameid": "5928488", "province": "10"}, "geometry": {"type": "Point", "coordinates": [-73.66585, 45.46536]}}, {"type": "Feature", "properties": {"name": "Courtenay", "population": 28420, "geonameid": "5930890", "province": "02"}, "geometry": {"type": "Point", "coordinates": [-124.9936, 49.68657]}}, {"type": "Feature", "properties": {"name": "Coventry Hills", "population": 17350, "geonameid": "5931006", "province": "01"}, "geometry": {"type": "Point", "coordinates": [-114.05903, 51.16869]}}, {"type": "Feature", "properties": {"name": "Cowansville", "population": 10887, "geonameid": "5931074", "province": "10"}, "geometry": {"type": "Point", "coordinates": [-72.74913, 45.20008]}}, {"type": "Feature", "properties": {"name": "Cranbrook", "population": 20047, "geonameid": "5931800", "province": "02"}, "geometry": {"type": "Point", "coordinates": [-115.76879, 49.49991]}}, {"type": "Feature", "properties": {"name": "Crescent Heights", "population": 6240, "geonameid": "5932231", "province": "01"}, "geometry": {"type": "Point", "coordinates": [-114.0683, 51.06276]}}, {"type": "Feature", "properties": {"name": "Creston", "population": 5583, "geonameid": "5932311", "province": "02"}, "geometry": {"type": "Point", "coordinates": [-116.50211, 49.09987]}}, {"type": "Feature", "properties": {"name": "Dalhousie", "population": 8530, "geonameid": "5934665", "province": "01"}, "geometry": {"type": "Point", "coordinates": [-114.15876, 51.11161]}}, {"type": "Feature", "properties": {"name": "Dartmouth", "population": 101343, "geonameid": "5935277", "province": "07"}, "geometry": {"type": "Point", "coordinates": [-63.57719, 44.67134]}}, {"type": "Feature", "properties": {"name": "Dauphin", "population": 8457, "geonameid": "5935341", "province": "03"}, "geometry": {"type": "Point", "coordinates": [-100.05023, 51.14941]}}, {"type": "Feature", "properties": {"name": "Dawson Creek", "population": 12323, "geonameid": "5935804", "province": "02"}, "geometry": {"type": "Point", "coordinates": [-120.2403, 55.75984]}}, {"type": "Feature", "properties": {"name": "Deer Lake", "population": 5319, "geonameid": "5937252", "province": "05"}, "geometry": {"type": "Point", "coordinates": [-57.43163, 49.16671]}}, {"type": "Feature", "properties": {"name": "Delhi", "population": 5344, "geonameid": "5937522", "province": "08"}, "geometry": {"type": "Point", "coordinates": [-80.49968, 42.8501]}}, {"type": "Feature", "properties": {"name": "Delson", "population": 7322, "geonameid": "5937612", "province": "10"}, "geometry": {"type": "Point", "coordinates": [-73.54917, 45.36678]}}, {"type": "Feature", "properties": {"name": "Delta", "population": 101668, "geonameid": "5937615", "province": "02"}, "geometry": {"type": "Point", "coordinates": [-123.05322, 49.08917]}}, {"type": "Feature", "properties": {"name": "Departure Bay", "population": 6540, "geonameid": "5937950", "province": "02"}, "geometry": {"type": "Point", "coordinates": [-123.97618, 49.20207]}}, {"type": "Feature", "properties": {"name": "Deux-Montagnes", "population": 17402, "geonameid": "5938513", "province": "10"}, "geometry": {"type": "Point", "coordinates": [-73.90168, 45.53455]}}, {"type": "Feature", "properties": {"name": "Devon", "population": 6545, "geonameid": "5938801", "province": "01"}, "geometry": {"type": "Point", "coordinates": [-113.73533, 53.36683]}}, {"type": "Feature", "properties": {"name": "Dieppe", "population": 27304, "geonameid": "5939219", "province": "04"}, "geometry": {"type": "Point", "coordinates": [-64.68735, 46.07844]}}, {"type": "Feature", "properties": {"name": "Dolbeau-Mistassini", "population": 12916, "geonameid": "5940934", "province": "10"}, "geometry": {"type": "Point", "coordinates": [-72.23142, 48.8786]}}, {"type": "Feature", "properties": {"name": "Dollard-Des Ormeaux", "population": 48930, "geonameid": "5940956", "province": "10"}, "geometry": {"type": "Point", "coordinates": [-73.82419, 45.49452]}}, {"type": "Feature", "properties": {"name": "Dorchester", "population": 9329, "geonameid": "5941761", "province": "08"}, "geometry": {"type": "Point", "coordinates": [-81.06643, 42.98339]}}, {"type": "Feature", "properties": {"name": "Dorset Park", "population": 25003, "geonameid": "5941905", "province": "08"}, "geometry": {"type": "Point", "coordinates": [-79.28215, 43.75386]}}, {"type": "Feature", "properties": {"name": "Dorval", "population": 18980, "geonameid": "5941925", "province": "10"}, "geometry": {"type": "Point", "coordinates": [-73.75335, 45.4473]}}, {"type": "Feature", "properties": {"name": "Douglas", "population": 5935, "geonameid": "5942099", "province": "04"}, "geometry": {"type": "Point", "coordinates": [-66.73108, 45.97832]}}, {"type": "Feature", "properties": {"name": "Douglasdale", "population": 12920, "geonameid": "5942126", "province": "01"}, "geometry": {"type": "Point", "coordinates": [-113.99306, 50.93889]}}, {"type": "Feature", "properties": {"name": "Dover", "population": 10795, "geonameid": "5942238", "province": "01"}, "geometry": {"type": "Point", "coordinates": [-113.99294, 51.01991]}}, {"type": "Feature", "properties": {"name": "Drayton Valley", "population": 6099, "geonameid": "5942547", "province": "01"}, "geometry": {"type": "Point", "coordinates": [-114.98544, 53.21682]}}, {"type": "Feature", "properties": {"name": "Drumheller", "population": 8430, "geonameid": "5942798", "province": "01"}, "geometry": {"type": "Point", "coordinates": [-112.71011, 51.46171]}}, {"type": "Feature", "properties": {"name": "Drummondville", "population": 59489, "geonameid": "5942845", "province": "10"}, "geometry": {"type": "Point", "coordinates": [-72.48241, 45.88336]}}, {"type": "Feature", "properties": {"name": "Dryden", "population": 8195, "geonameid": "5942913", "province": "08"}, "geometry": {"type": "Point", "coordinates": [-92.75032, 49.78334]}}, {"type": "Feature", "properties": {"name": "Duncan", "population": 22199, "geonameid": "5943865", "province": "02"}, "geometry": {"type": "Point", "coordinates": [-123.70266, 48.78293]}}, {"type": "Feature", "properties": {"name": "Dundarave", "population": 5350, "geonameid": "5943973", "province": "02"}, "geometry": {"type": "Point", "coordinates": [-123.18764, 49.3362]}}, {"type": "Feature", "properties": {"name": "Dundonald", "population": 5988, "geonameid": "5944007", "province": "11"}, "geometry": {"type": "Point", "coordinates": [-106.72839, 52.14838]}}, {"type": "Feature", "properties": {"name": "Dunluce", "population": 6341, "geonameid": "5944122", "province": "01"}, "geometry": {"type": "Point", "coordinates": [-113.52654, 53.62286]}}, {"type": "Feature", "properties": {"name": "Dunnville", "population": 5907, "geonameid": "5944222", "province": "08"}, "geometry": {"type": "Point", "coordinates": [-79.61631, 42.90011]}}, {"type": "Feature", "properties": {"name": "Duvernay", "population": 37460, "geonameid": "5944526", "province": "10"}, "geometry": {"type": "Point", "coordinates": [-73.66667, 45.58333]}}, {"type": "Feature", "properties": {"name": "Duvernay-Est", "population": 14000, "geonameid": "5944528", "province": "10"}, "geometry": {"type": "Point", "coordinates": [-73.60514, 45.65476]}}, {"type": "Feature", "properties": {"name": "Eagle Ridge", "population": 11004, "geonameid": "5944866", "province": "02"}, "geometry": {"type": "Point", "coordinates": [-122.82167, 49.28778]}}, {"type": "Feature", "properties": {"name": "Eastern Passage", "population": 11738, "geonameid": "5945566", "province": "07"}, "geometry": {"type": "Point", "coordinates": [-63.48199, 44.61685]}}, {"type": "Feature", "properties": {"name": "East Gwillimbury", "population": 23991, "geonameid": "5945707", "province": "08"}, "geometry": {"type": "Point", "coordinates": [-79.43785, 44.10087]}}, {"type": "Feature", "properties": {"name": "Edgemont", "population": 15225, "geonameid": "5946656", "province": "01"}, "geometry": {"type": "Point", "coordinates": [-114.14881, 51.12561]}}, {"type": "Feature", "properties": {"name": "Edmonton", "population": 1010899, "geonameid": "5946768", "province": "01"}, "geometry": {"type": "Point", "coordinates": [-113.46871, 53.55014]}}, {"type": "Feature", "properties": {"name": "Edson", "population": 7975, "geonameid": "5946820", "province": "01"}, "geometry": {"type": "Point", "coordinates": [-116.43559, 53.58345]}}, {"type": "Feature", "properties": {"name": "Ellerslie", "population": 5552, "geonameid": "5947827", "province": "01"}, "geometry": {"type": "Point", "coordinates": [-113.45641, 53.42876]}}, {"type": "Feature", "properties": {"name": "Elliot Lake", "population": 12508, "geonameid": "5947866", "province": "08"}, "geometry": {"type": "Point", "coordinates": [-82.63315, 46.38336]}}, {"type": "Feature", "properties": {"name": "Elmira", "population": 10790, "geonameid": "5948045", "province": "08"}, "geometry": {"type": "Point", "coordinates": [-80.5497, 43.60009]}}, {"type": "Feature", "properties": {"name": "Elora", "population": 7800, "geonameid": "5948111", "province": "08"}, "geometry": {"type": "Point", "coordinates": [-80.43299, 43.6834]}}, {"type": "Feature", "properties": {"name": "Humbermede", "population": 15545, "geonameid": "5948587", "province": "08"}, "geometry": {"type": "Point", "coordinates": [-79.54417, 43.7525]}}, {"type": "Feature", "properties": {"name": "Empire Park", "population": 5176, "geonameid": "5948710", "province": "01"}, "geometry": {"type": "Point", "coordinates": [-113.50139, 53.48472]}}, {"type": "Feature", "properties": {"name": "Enfield", "population": 6583, "geonameid": "5948805", "province": "07"}, "geometry": {"type": "Point", "coordinates": [-63.53613, 44.9434]}}, {"type": "Feature", "properties": {"name": "Erin", "population": 11981, "geonameid": "5949247", "province": "08"}, "geometry": {"type": "Point", "coordinates": [-80.06436, 43.7729]}}, {"type": "Feature", "properties": {"name": "Ermineskin", "population": 5045, "geonameid": "5949293", "province": "01"}, "geometry": {"type": "Point", "coordinates": [-113.50405, 53.45755]}}, {"type": "Feature", "properties": {"name": "Esquimalt", "population": 17655, "geonameid": "5949512", "province": "02"}, "geometry": {"type": "Point", "coordinates": [-123.41174, 48.43569]}}, {"type": "Feature", "properties": {"name": "Essex", "population": 8233, "geonameid": "5949531", "province": "08"}, "geometry": {"type": "Point", "coordinates": [-82.82483, 42.17509]}}, {"type": "Feature", "properties": {"name": "Estevan", "population": 11258, "geonameid": "5949568", "province": "11"}, "geometry": {"type": "Point", "coordinates": [-102.98422, 49.13337]}}, {"type": "Feature", "properties": {"name": "Etobicoke", "population": 365000, "geonameid": "5950268", "province": "08"}, "geometry": {"type": "Point", "coordinates": [-79.56985, 43.64415]}}, {"type": "Feature", "properties": {"name": "Etobicoke West Mall", "population": 11848, "geonameid": "5950269", "province": "08"}, "geometry": {"type": "Point", "coordinates": [-79.56985, 43.64639]}}, {"type": "Feature", "properties": {"name": "Evansdale", "population": 5645, "geonameid": "5950464", "province": "01"}, "geometry": {"type": "Point", "coordinates": [-113.48113, 53.61033]}}, {"type": "Feature", "properties": {"name": "Evergreen", "population": 20780, "geonameid": "5950593", "province": "01"}, "geometry": {"type": "Point", "coordinates": [-114.1, 50.92917]}}, {"type": "Feature", "properties": {"name": "Fairfield", "population": 11740, "geonameid": "5950944", "province": "02"}, "geometry": {"type": "Point", "coordinates": [-123.35, 48.41667]}}, {"type": "Feature", "properties": {"name": "Fairhaven", "population": 5542, "geonameid": "5950962", "province": "11"}, "geometry": {"type": "Point", "coordinates": [-106.72839, 52.12143]}}, {"type": "Feature", "properties": {"name": "Fairvale", "population": 5075, "geonameid": "5951023", "province": "04"}, "geometry": {"type": "Point", "coordinates": [-65.97167, 45.40083]}}, {"type": "Feature", "properties": {"name": "Fairview", "population": 8618, "geonameid": "5951027", "province": "07"}, "geometry": {"type": "Point", "coordinates": [-63.64112, 44.65277]}}, {"type": "Feature", "properties": {"name": "Falconridge", "population": 10325, "geonameid": "5951215", "province": "01"}, "geometry": {"type": "Point", "coordinates": [-113.94167, 51.10278]}}, {"type": "Feature", "properties": {"name": "Fall River", "population": 11526, "geonameid": "5951289", "province": "07"}, "geometry": {"type": "Point", "coordinates": [-63.6154, 44.81685]}}, {"type": "Feature", "properties": {"name": "Farnham", "population": 11228, "geonameid": "5951644", "province": "10"}, "geometry": {"type": "Point", "coordinates": [-72.98244, 45.28338]}}, {"type": "Feature", "properties": {"name": "Fernie", "population": 5249, "geonameid": "5952370", "province": "02"}, "geometry": {"type": "Point", "coordinates": [-115.06871, 49.49996]}}, {"type": "Feature", "properties": {"name": "Fleetwood", "population": 65565, "geonameid": "5954556", "province": "02"}, "geometry": {"type": "Point", "coordinates": [-122.8, 49.16667]}}, {"type": "Feature", "properties": {"name": "Flemingdon Park", "population": 21933, "geonameid": "5954579", "province": "08"}, "geometry": {"type": "Point", "coordinates": [-79.33222, 43.71806]}}, {"type": "Feature", "properties": {"name": "Flin Flon", "population": 5865, "geonameid": "5954718", "province": "03"}, "geometry": {"type": "Point", "coordinates": [-101.87433, 54.76703]}}, {"type": "Feature", "properties": {"name": "Forest Grove", "population": 5957, "geonameid": "5955523", "province": "11"}, "geometry": {"type": "Point", "coordinates": [-106.59089, 52.14199]}}, {"type": "Feature", "properties": {"name": "Forest Heights", "population": 15581, "geonameid": "5955526", "province": "08"}, "geometry": {"type": "Point", "coordinates": [-80.52333, 43.41944]}}, {"type": "Feature", "properties": {"name": "Forest Hills", "population": 6238, "geonameid": "5955537", "province": "08"}, "geometry": {"type": "Point", "coordinates": [-80.50917, 43.42778]}}, {"type": "Feature", "properties": {"name": "Forest Lawn", "population": 7230, "geonameid": "5955551", "province": "01"}, "geometry": {"type": "Point", "coordinates": [-113.97222, 51.0375]}}, {"type": "Feature", "properties": {"name": "Fort Erie", "population": 30710, "geonameid": "5955815", "province": "08"}, "geometry": {"type": "Point", "coordinates": [-78.93286, 42.90012]}}, {"type": "Feature", "properties": {"name": "Fort Frances", "population": 7739, "geonameid": "5955826", "province": "08"}, "geometry": {"type": "Point", "coordinates": [-93.4003, 48.61667]}}, {"type": "Feature", "properties": {"name": "Fort McMurray", "population": 66573, "geonameid": "5955895", "province": "01"}, "geometry": {"type": "Point", "coordinates": [-111.38103, 56.72676]}}, {"type": "Feature", "properties": {"name": "Fort Saskatchewan", "population": 14957, "geonameid": "5955948", "province": "01"}, "geometry": {"type": "Point", "coordinates": [-113.21382, 53.69814]}}, {"type": "Feature", "properties": {"name": "Fort St. John", "population": 21465, "geonameid": "5955960", "province": "02"}, "geometry": {"type": "Point", "coordinates": [-120.85292, 56.24988]}}, {"type": "Feature", "properties": {"name": "Fraser Heights", "population": 25000, "geonameid": "5957564", "province": "02"}, "geometry": {"type": "Point", "coordinates": [-122.78333, 49.2]}}, {"type": "Feature", "properties": {"name": "Fredericton", "population": 63116, "geonameid": "5957776", "province": "04"}, "geometry": {"type": "Point", "coordinates": [-66.66558, 45.94541]}}, {"type": "Feature", "properties": {"name": "Gananoque", "population": 5458, "geonameid": "5959326", "province": "08"}, "geometry": {"type": "Point", "coordinates": [-76.16607, 44.33342]}}, {"type": "Feature", "properties": {"name": "Gander", "population": 11880, "geonameid": "5959335", "province": "05"}, "geometry": {"type": "Point", "coordinates": [-54.61647, 48.95624]}}, {"type": "Feature", "properties": {"name": "Ganges", "population": 6000, "geonameid": "5959360", "province": "02"}, "geometry": {"type": "Point", "coordinates": [-123.50032, 48.85342]}}, {"type": "Feature", "properties": {"name": "Garden Village", "population": 10087, "geonameid": "5959538", "province": "02"}, "geometry": {"type": "Point", "coordinates": [-123.0, 49.23333]}}, {"type": "Feature", "properties": {"name": "Garneau", "population": 9480, "geonameid": "5959674", "province": "01"}, "geometry": {"type": "Point", "coordinates": [-113.5125, 53.52083]}}, {"type": "Feature", "properties": {"name": "Gaspé", "population": 14819, "geonameid": "5959878", "province": "10"}, "geometry": {"type": "Point", "coordinates": [-64.48194, 48.83341]}}, {"type": "Feature", "properties": {"name": "Gatineau", "population": 300045, "geonameid": "5959974", "province": "10"}, "geometry": {"type": "Point", "coordinates": [-75.70164, 45.47723]}}, {"type": "Feature", "properties": {"name": "Georgetown", "population": 44058, "geonameid": "5960533", "province": "08"}, "geometry": {"type": "Point", "coordinates": [-79.91634, 43.65011]}}, {"type": "Feature", "properties": {"name": "Gibsons", "population": 6821, "geonameid": "5960971", "province": "02"}, "geometry": {"type": "Point", "coordinates": [-123.50555, 49.39539]}}, {"type": "Feature", "properties": {"name": "Glace Bay", "population": 16915, "geonameid": "5961564", "province": "07"}, "geometry": {"type": "Point", "coordinates": [-59.95698, 46.19695]}}, {"type": "Feature", "properties": {"name": "Glamorgan", "population": 6575, "geonameid": "5961696", "province": "01"}, "geometry": {"type": "Point", "coordinates": [-114.14675, 51.01775]}}, {"type": "Feature", "properties": {"name": "Glenbrook", "population": 7240, "geonameid": "5961846", "province": "01"}, "geometry": {"type": "Point", "coordinates": [-114.14561, 51.02971]}}, {"type": "Feature", "properties": {"name": "Glen Cairn", "population": 8960, "geonameid": "5961862", "province": "04"}, "geometry": {"type": "Point", "coordinates": [-64.85, 46.11667]}}, {"type": "Feature", "properties": {"name": "Glen Cairn", "population": 11836, "geonameid": "5961863", "province": "08"}, "geometry": {"type": "Point", "coordinates": [-75.88, 45.29278]}}, {"type": "Feature", "properties": {"name": "Glenrosa", "population": 6039, "geonameid": "5962076", "province": "02"}, "geometry": {"type": "Point", "coordinates": [-119.66667, 49.85]}}, {"type": "Feature", "properties": {"name": "Gloucester", "population": 150012, "geonameid": "5962204", "province": "08"}, "geometry": {"type": "Point", "coordinates": [-75.63333, 45.35]}}, {"type": "Feature", "properties": {"name": "Goderich", "population": 7628, "geonameid": "5962442", "province": "08"}, "geometry": {"type": "Point", "coordinates": [-81.71339, 43.74171]}}, {"type": "Feature", "properties": {"name": "Gordon Head", "population": 21270, "geonameid": "5963453", "province": "02"}, "geometry": {"type": "Point", "coordinates": [-123.31667, 48.48333]}}, {"type": "Feature", "properties": {"name": "Granby", "population": 66222, "geonameid": "5964215", "province": "10"}, "geometry": {"type": "Point", "coordinates": [-72.73243, 45.40008]}}, {"type": "Feature", "properties": {"name": "Grande Prairie", "population": 70385, "geonameid": "5964347", "province": "01"}, "geometry": {"type": "Point", "coordinates": [-118.80271, 55.16667]}}, {"type": "Feature", "properties": {"name": "Grand Falls-Windsor", "population": 13853, "geonameid": "5964378", "province": "05"}, "geometry": {"type": "Point", "coordinates": [-55.66492, 48.93324]}}, {"type": "Feature", "properties": {"name": "Greater Sudbury", "population": 166004, "geonameid": "5964700", "province": "08"}, "geometry": {"type": "Point", "coordinates": [-80.99001, 46.49]}}, {"type": "Feature", "properties": {"name": "Grandview-Woodlands", "population": 29175, "geonameid": "5964731", "province": "02"}, "geometry": {"type": "Point", "coordinates": [-123.07079, 49.27738]}}, {"type": "Feature", "properties": {"name": "Gravenhurst", "population": 12312, "geonameid": "5965546", "province": "08"}, "geometry": {"type": "Point", "coordinates": [-79.36633, 44.91681]}}, {"type": "Feature", "properties": {"name": "Greater Napanee", "population": 15892, "geonameid": "5965812", "province": "08"}, "geometry": {"type": "Point", "coordinates": [-76.94944, 44.25012]}}, {"type": "Feature", "properties": {"name": "Greely", "population": 9049, "geonameid": "5965932", "province": "08"}, "geometry": {"type": "Point", "coordinates": [-75.56111, 45.26139]}}, {"type": "Feature", "properties": {"name": "Greenfield Park", "population": 16733, "geonameid": "5966078", "province": "10"}, "geometry": {"type": "Point", "coordinates": [-73.46223, 45.48649]}}, {"type": "Feature", "properties": {"name": "Greenwood", "population": 5369, "geonameid": "5966689", "province": "07"}, "geometry": {"type": "Point", "coordinates": [-64.93169, 44.97413]}}, {"type": "Feature", "properties": {"name": "Grimsby", "population": 27314, "geonameid": "5967149", "province": "08"}, "geometry": {"type": "Point", "coordinates": [-79.56631, 43.20011]}}, {"type": "Feature", "properties": {"name": "Guelph", "population": 143740, "geonameid": "5967629", "province": "08"}, "geometry": {"type": "Point", "coordinates": [-80.25599, 43.54594]}}, {"type": "Feature", "properties": {"name": "Guildford", "population": 64985, "geonameid": "5967687", "province": "02"}, "geometry": {"type": "Point", "coordinates": [-122.8, 49.19167]}}, {"type": "Feature", "properties": {"name": "Guildwood", "population": 9917, "geonameid": "5967690", "province": "08"}, "geometry": {"type": "Point", "coordinates": [-79.19486, 43.75262]}}, {"type": "Feature", "properties": {"name": "Gunningsville", "population": 9479, "geonameid": "5968410", "province": "04"}, "geometry": {"type": "Point", "coordinates": [-64.77304, 46.0739]}}, {"type": "Feature", "properties": {"name": "Halton Hills", "population": 62951, "geonameid": "5969721", "province": "08"}, "geometry": {"type": "Point", "coordinates": [-79.93146, 43.6403]}}, {"type": "Feature", "properties": {"name": "Hamilton", "population": 569353, "geonameid": "5969782", "province": "08"}, "geometry": {"type": "Point", "coordinates": [-79.84963, 43.25011]}}, {"type": "Feature", "properties": {"name": "Hammonds Plains", "population": 6242, "geonameid": "5969976", "province": "07"}, "geometry": {"type": "Point", "coordinates": [-63.77551, 44.73386]}}, {"type": "Feature", "properties": {"name": "Hampstead", "population": 6996, "geonameid": "5970014", "province": "10"}, "geometry": {"type": "Point", "coordinates": [-73.6467, 45.48075]}}, {"type": "Feature", "properties": {"name": "Hamptons", "population": 7360, "geonameid": "5970032", "province": "01"}, "geometry": {"type": "Point", "coordinates": [-114.14846, 51.1436]}}, {"type": "Feature", "properties": {"name": "Hanceville", "population": 10000, "geonameid": "5970063", "province": "02"}, "geometry": {"type": "Point", "coordinates": [-123.04458, 51.91922]}}, {"type": "Feature", "properties": {"name": "Haney", "population": 21041, "geonameid": "5970149", "province": "02"}, "geometry": {"type": "Point", "coordinates": [-122.6, 49.21667]}}, {"type": "Feature", "properties": {"name": "Hanover", "population": 7688, "geonameid": "5970301", "province": "08"}, "geometry": {"type": "Point", "coordinates": [-81.03303, 44.15009]}}, {"type": "Feature", "properties": {"name": "Happy Valley-Goose Bay", "population": 7572, "geonameid": "5970458", "province": "05"}, "geometry": {"type": "Point", "coordinates": [-60.32576, 53.3038]}}, {"type": "Feature", "properties": {"name": "Harvest Hills", "population": 7805, "geonameid": "5971694", "province": "01"}, "geometry": {"type": "Point", "coordinates": [-114.0513, 51.14791]}}, {"type": "Feature", "properties": {"name": "Hastings-Sunrise", "population": 34575, "geonameid": "5971859", "province": "02"}, "geometry": {"type": "Point", "coordinates": [-123.03333, 49.28333]}}, {"type": "Feature", "properties": {"name": "Hawkesbury", "population": 10263, "geonameid": "5972360", "province": "08"}, "geometry": {"type": "Point", "coordinates": [-74.61595, 45.60009]}}, {"type": "Feature", "properties": {"name": "Hawkwood", "population": 9115, "geonameid": "5972470", "province": "01"}, "geometry": {"type": "Point", "coordinates": [-114.17353, 51.13122]}}, {"type": "Feature", "properties": {"name": "Haysboro", "population": 6960, "geonameid": "5972768", "province": "01"}, "geometry": {"type": "Point", "coordinates": [-114.08333, 50.96667]}}, {"type": "Feature", "properties": {"name": "Henry Farm", "population": 15723, "geonameid": "5973973", "province": "08"}, "geometry": {"type": "Point", "coordinates": [-79.3524, 43.76952]}}, {"type": "Feature", "properties": {"name": "Heritage Park", "population": 7263, "geonameid": "5974156", "province": "08"}, "geometry": {"type": "Point", "coordinates": [-80.44417, 43.45639]}}, {"type": "Feature", "properties": {"name": "Hespeler", "population": 18445, "geonameid": "5974407", "province": "08"}, "geometry": {"type": "Point", "coordinates": [-80.31637, 43.4334]}}, {"type": "Feature", "properties": {"name": "Hidden Valley", "population": 11540, "geonameid": "5974707", "province": "01"}, "geometry": {"type": "Point", "coordinates": [-114.1143, 51.14856]}}, {"type": "Feature", "properties": {"name": "Highland Creek", "population": 12494, "geonameid": "5974949", "province": "08"}, "geometry": {"type": "Point", "coordinates": [-79.17555, 43.79068]}}, {"type": "Feature", "properties": {"name": "High River", "population": 14324, "geonameid": "5975038", "province": "01"}, "geometry": {"type": "Point", "coordinates": [-113.86867, 50.58341]}}, {"type": "Feature", "properties": {"name": "Hildegarde", "population": 5327, "geonameid": "5975135", "province": "04"}, "geometry": {"type": "Point", "coordinates": [-64.85392, 46.12296]}}, {"type": "Feature", "properties": {"name": "Hillcrest Village", "population": 16934, "geonameid": "5975182", "province": "08"}, "geometry": {"type": "Point", "coordinates": [-79.35442, 43.80486]}}, {"type": "Feature", "properties": {"name": "Hillhurst", "population": 5475, "geonameid": "5975200", "province": "01"}, "geometry": {"type": "Point", "coordinates": [-114.09431, 51.05434]}}, {"type": "Feature", "properties": {"name": "Hillsdale", "population": 6745, "geonameid": "5975315", "province": "11"}, "geometry": {"type": "Point", "coordinates": [-104.60888, 50.42004]}}, {"type": "Feature", "properties": {"name": "Hinton", "population": 9889, "geonameid": "5975503", "province": "01"}, "geometry": {"type": "Point", "coordinates": [-117.58567, 53.40009]}}, {"type": "Feature", "properties": {"name": "Hintonburg", "population": 7844, "geonameid": "5975504", "province": "08"}, "geometry": {"type": "Point", "coordinates": [-75.7283, 45.40379]}}, {"type": "Feature", "properties": {"name": "Hope", "population": 6686, "geonameid": "5976783", "province": "02"}, "geometry": {"type": "Point", "coordinates": [-121.44144, 49.38299]}}, {"type": "Feature", "properties": {"name": "Hudson", "population": 5088, "geonameid": "5978126", "province": "10"}, "geometry": {"type": "Point", "coordinates": [-74.14922, 45.45008]}}, {"type": "Feature", "properties": {"name": "Humber Summit", "population": 12416, "geonameid": "5978398", "province": "08"}, "geometry": {"type": "Point", "coordinates": [-79.57501, 43.7579]}}, {"type": "Feature", "properties": {"name": "Humphrey", "population": 8195, "geonameid": "5978464", "province": "04"}, "geometry": {"type": "Point", "coordinates": [-64.77797, 46.11987]}}, {"type": "Feature", "properties": {"name": "Huntington Hills", "population": 13120, "geonameid": "5978706", "province": "01"}, "geometry": {"type": "Point", "coordinates": [-114.06667, 51.11667]}}, {"type": "Feature", "properties": {"name": "Huntsville", "population": 19816, "geonameid": "5978765", "province": "08"}, "geometry": {"type": "Point", "coordinates": [-79.21632, 45.33341]}}, {"type": "Feature", "properties": {"name": "Huron East", "population": 9264, "geonameid": "5978831", "province": "08"}, "geometry": {"type": "Point", "coordinates": [-81.29975, 43.61679]}}, {"type": "Feature", "properties": {"name": "Imperoyal", "population": 5102, "geonameid": "5982627", "province": "07"}, "geometry": {"type": "Point", "coordinates": [-63.5273, 44.63618]}}, {"type": "Feature", "properties": {"name": "Ingersoll", "population": 13693, "geonameid": "5983175", "province": "08"}, "geometry": {"type": "Point", "coordinates": [-80.88302, 43.03339]}}, {"type": "Feature", "properties": {"name": "Inglewood", "population": 6255, "geonameid": "5983198", "province": "01"}, "geometry": {"type": "Point", "coordinates": [-113.53598, 53.56203]}}, {"type": "Feature", "properties": {"name": "Innisfail", "population": 7672, "geonameid": "5983430", "province": "01"}, "geometry": {"type": "Point", "coordinates": [-113.95071, 52.02688]}}, {"type": "Feature", "properties": {"name": "Innisfil", "population": 43326, "geonameid": "5983433", "province": "08"}, "geometry": {"type": "Point", "coordinates": [-79.64964, 44.30011]}}, {"type": "Feature", "properties": {"name": "Ionview", "population": 13641, "geonameid": "5983680", "province": "08"}, "geometry": {"type": "Point", "coordinates": [-79.27333, 43.73694]}}, {"type": "Feature", "properties": {"name": "Iqaluit", "population": 7429, "geonameid": "5983720", "province": "14"}, "geometry": {"type": "Point", "coordinates": [-68.51727, 63.74697]}}, {"type": "Feature", "properties": {"name": "James Bay", "population": 13055, "geonameid": "5985549", "province": "02"}, "geometry": {"type": "Point", "coordinates": [-123.38333, 48.41667]}}, {"type": "Feature", "properties": {"name": "Joliette", "population": 34772, "geonameid": "5987650", "province": "10"}, "geometry": {"type": "Point", "coordinates": [-73.4236, 46.0164]}}, {"type": "Feature", "properties": {"name": "Kamloops", "population": 104460, "geonameid": "5989045", "province": "02"}, "geometry": {"type": "Point", "coordinates": [-120.3192, 50.66648]}}, {"type": "Feature", "properties": {"name": "Kanata", "population": 90000, "geonameid": "5989117", "province": "08"}, "geometry": {"type": "Point", "coordinates": [-75.91606, 45.3001]}}, {"type": "Feature", "properties": {"name": "Kapuskasing", "population": 8292, "geonameid": "5989403", "province": "08"}, "geometry": {"type": "Point", "coordinates": [-82.43308, 49.41694]}}, {"type": "Feature", "properties": {"name": "Kelowna", "population": 144576, "geonameid": "5990579", "province": "02"}, "geometry": {"type": "Point", "coordinates": [-119.48568, 49.88307]}}, {"type": "Feature", "properties": {"name": "Kennedy Park", "population": 17123, "geonameid": "5990916", "province": "08"}, "geometry": {"type": "Point", "coordinates": [-79.26052, 43.72267]}}, {"type": "Feature", "properties": {"name": "Kenora", "population": 15096, "geonameid": "5991055", "province": "08"}, "geometry": {"type": "Point", "coordinates": [-94.48985, 49.76741]}}, {"type": "Feature", "properties": {"name": "Kensington-Cedar Cottage", "population": 49235, "geonameid": "5991085", "province": "02"}, "geometry": {"type": "Point", "coordinates": [-123.06667, 49.25]}}, {"type": "Feature", "properties": {"name": "Kentville", "population": 12636, "geonameid": "5991148", "province": "07"}, "geometry": {"type": "Point", "coordinates": [-64.49605, 45.0771]}}, {"type": "Feature", "properties": {"name": "Keswick", "population": 21000, "geonameid": "5991370", "province": "08"}, "geometry": {"type": "Point", "coordinates": [-79.46632, 44.25011]}}, {"type": "Feature", "properties": {"name": "Kilkenny", "population": 5699, "geonameid": "5991870", "province": "01"}, "geometry": {"type": "Point", "coordinates": [-113.45278, 53.60833]}}, {"type": "Feature", "properties": {"name": "Killarney", "population": 29325, "geonameid": "5991909", "province": "02"}, "geometry": {"type": "Point", "coordinates": [-123.04282, 49.22594]}}, {"type": "Feature", "properties": {"name": "Kimberley", "population": 7425, "geonameid": "5992059", "province": "02"}, "geometry": {"type": "Point", "coordinates": [-115.9776, 49.67071]}}, {"type": "Feature", "properties": {"name": "Kincardine", "population": 6725, "geonameid": "5992144", "province": "08"}, "geometry": {"type": "Point", "coordinates": [-81.63307, 44.18339]}}, {"type": "Feature", "properties": {"name": "King", "population": 6970, "geonameid": "5992180", "province": "08"}, "geometry": {"type": "Point", "coordinates": [-79.59011, 43.96514]}}, {"type": "Feature", "properties": {"name": "King City", "population": 8396, "geonameid": "5992211", "province": "08"}, "geometry": {"type": "Point", "coordinates": [-79.52694, 43.92856]}}, {"type": "Feature", "properties": {"name": "Kingston", "population": 132485, "geonameid": "5992500", "province": "08"}, "geometry": {"type": "Point", "coordinates": [-76.48098, 44.22976]}}, {"type": "Feature", "properties": {"name": "Kingsville", "population": 22119, "geonameid": "5992526", "province": "08"}, "geometry": {"type": "Point", "coordinates": [-82.73312, 42.10009]}}, {"type": "Feature", "properties": {"name": "Kirkland", "population": 20491, "geonameid": "5992830", "province": "10"}, "geometry": {"type": "Point", "coordinates": [-73.86586, 45.45008]}}, {"type": "Feature", "properties": {"name": "Kirkland Lake", "population": 7775, "geonameid": "5992836", "province": "08"}, "geometry": {"type": "Point", "coordinates": [-80.03767, 48.14461]}}, {"type": "Feature", "properties": {"name": "Kitchener", "population": 256885, "geonameid": "5992996", "province": "08"}, "geometry": {"type": "Point", "coordinates": [-80.5112, 43.42537]}}, {"type": "Feature", "properties": {"name": "Kitimat", "population": 8987, "geonameid": "5993072", "province": "02"}, "geometry": {"type": "Point", "coordinates": [-128.65342, 54.05244]}}, {"type": "Feature", "properties": {"name": "Kitsilano", "population": 43045, "geonameid": "5993123", "province": "02"}, "geometry": {"type": "Point", "coordinates": [-123.16667, 49.26667]}}, {"type": "Feature", "properties": {"name": "Labrador City", "population": 7220, "geonameid": "5994839", "province": "05"}, "geometry": {"type": "Point", "coordinates": [-66.91137, 52.94626]}}, {"type": "Feature", "properties": {"name": "Lac-Brome", "population": 5629, "geonameid": "6002133", "province": "10"}, "geometry": {"type": "Point", "coordinates": [-72.51581, 45.21678]}}, {"type": "Feature", "properties": {"name": "Lachute", "population": 9562, "geonameid": "6024829", "province": "10"}, "geometry": {"type": "Point", "coordinates": [-74.33253, 45.65008]}}, {"type": "Feature", "properties": {"name": "Lac-Mégantic", "population": 5747, "geonameid": "6032673", "province": "10"}, "geometry": {"type": "Point", "coordinates": [-70.88234, 45.58338]}}, {"type": "Feature", "properties": {"name": "Lacombe", "population": 14258, "geonameid": "6035615", "province": "01"}, "geometry": {"type": "Point", "coordinates": [-113.7353, 52.46681]}}, {"type": "Feature", "properties": {"name": "Ladysmith", "population": 8537, "geonameid": "6047817", "province": "02"}, "geometry": {"type": "Point", "coordinates": [-123.81699, 48.99016]}}, {"type": "Feature", "properties": {"name": "Laflèche", "population": 17499, "geonameid": "6047861", "province": "10"}, "geometry": {"type": "Point", "coordinates": [-73.46587, 45.50008]}}, {"type": "Feature", "properties": {"name": "Lake Bonavista", "population": 10145, "geonameid": "6048275", "province": "01"}, "geometry": {"type": "Point", "coordinates": [-114.05422, 50.94204]}}, {"type": "Feature", "properties": {"name": "Lakeburn", "population": 5014, "geonameid": "6048292", "province": "04"}, "geometry": {"type": "Point", "coordinates": [-64.68205, 46.10014]}}, {"type": "Feature", "properties": {"name": "Lakeshore Village", "population": 6620, "geonameid": "6048675", "province": "08"}, "geometry": {"type": "Point", "coordinates": [-80.55111, 43.48833]}}, {"type": "Feature", "properties": {"name": "Lakeview", "population": 7525, "geonameid": "6048775", "province": "11"}, "geometry": {"type": "Point", "coordinates": [-104.62333, 50.43143]}}, {"type": "Feature", "properties": {"name": "Lakeview", "population": 7996, "geonameid": "6048776", "province": "11"}, "geometry": {"type": "Point", "coordinates": [-106.59783, 52.09532]}}, {"type": "Feature", "properties": {"name": "Lakeview", "population": 5640, "geonameid": "6048778", "province": "01"}, "geometry": {"type": "Point", "coordinates": [-114.11954, 50.99674]}}, {"type": "Feature", "properties": {"name": "Lambton Shores", "population": 10631, "geonameid": "6049024", "province": "08"}, "geometry": {"type": "Point", "coordinates": [-81.93309, 43.16678]}}, {"type": "Feature", "properties": {"name": "Langford", "population": 46584, "geonameid": "6049388", "province": "02"}, "geometry": {"type": "Point", "coordinates": [-123.50261, 48.44963]}}, {"type": "Feature", "properties": {"name": "Langley", "population": 132603, "geonameid": "6049429", "province": "02"}, "geometry": {"type": "Point", "coordinates": [-122.65883, 49.10107]}}, {"type": "Feature", "properties": {"name": "La Perle", "population": 5099, "geonameid": "6049676", "province": "01"}, "geometry": {"type": "Point", "coordinates": [-113.64028, 53.53611]}}, {"type": "Feature", "properties": {"name": "La Prairie", "population": 23357, "geonameid": "6049863", "province": "10"}, "geometry": {"type": "Point", "coordinates": [-73.49917, 45.41678]}}, {"type": "Feature", "properties": {"name": "La Ronge", "population": 5671, "geonameid": "6050066", "province": "11"}, "geometry": {"type": "Point", "coordinates": [-105.28422, 55.10013]}}, {"type": "Feature", "properties": {"name": "LaSalle", "population": 32721, "geonameid": "6050177", "province": "08"}, "geometry": {"type": "Point", "coordinates": [-83.06095, 42.24481]}}, {"type": "Feature", "properties": {"name": "La Sarre", "population": 7719, "geonameid": "6050194", "province": "10"}, "geometry": {"type": "Point", "coordinates": [-79.19964, 48.80019]}}, {"type": "Feature", "properties": {"name": "L'Assomption", "population": 15906, "geonameid": "6050263", "province": "10"}, "geometry": {"type": "Point", "coordinates": [-73.4294, 45.82318]}}, {"type": "Feature", "properties": {"name": "La Tuque", "population": 11001, "geonameid": "6050416", "province": "10"}, "geometry": {"type": "Point", "coordinates": [-72.7824, 47.43337]}}, {"type": "Feature", "properties": {"name": "Laurentian Hills", "population": 10609, "geonameid": "6050534", "province": "08"}, "geometry": {"type": "Point", "coordinates": [-80.49472, 43.42]}}, {"type": "Feature", "properties": {"name": "Laurentides", "population": 12710, "geonameid": "6050539", "province": "10"}, "geometry": {"type": "Point", "coordinates": [-72.28239, 47.13336]}}, {"type": "Feature", "properties": {"name": "Laval", "population": 438366, "geonameid": "6050610", "province": "10"}, "geometry": {"type": "Point", "coordinates": [-73.692, 45.56995]}}, {"type": "Feature", "properties": {"name": "Laval-des-Rapides", "population": 36933, "geonameid": "6050619", "province": "10"}, "geometry": {"type": "Point", "coordinates": [-73.70007, 45.55642]}}, {"type": "Feature", "properties": {"name": "Lavaltrie", "population": 8762, "geonameid": "6050650", "province": "10"}, "geometry": {"type": "Point", "coordinates": [-73.28245, 45.88338]}}, {"type": "Feature", "properties": {"name": "Lawson Heights", "population": 5285, "geonameid": "6050906", "province": "11"}, "geometry": {"type": "Point", "coordinates": [-106.6195, 52.17115]}}, {"type": "Feature", "properties": {"name": "Leamington", "population": 35730, "geonameid": "6051122", "province": "08"}, "geometry": {"type": "Point", "coordinates": [-82.59981, 42.05009]}}, {"type": "Feature", "properties": {"name": "Leduc", "population": 15561, "geonameid": "6051562", "province": "01"}, "geometry": {"type": "Point", "coordinates": [-113.55201, 53.26682]}}, {"type": "Feature", "properties": {"name": "Les Coteaux", "population": 17396, "geonameid": "6052788", "province": "10"}, "geometry": {"type": "Point", "coordinates": [-74.23254, 45.28338]}}, {"type": "Feature", "properties": {"name": "Lethbridge", "population": 103197, "geonameid": "6053154", "province": "01"}, "geometry": {"type": "Point", "coordinates": [-112.81856, 49.69999]}}, {"type": "Feature", "properties": {"name": "Lewisville", "population": 9060, "geonameid": "6053462", "province": "04"}, "geometry": {"type": "Point", "coordinates": [-64.7532, 46.10437]}}, {"type": "Feature", "properties": {"name": "L'Île-Perrot", "population": 9927, "geonameid": "6053877", "province": "10"}, "geometry": {"type": "Point", "coordinates": [-73.9492, 45.38338]}}, {"type": "Feature", "properties": {"name": "Lindsay", "population": 20354, "geonameid": "6054350", "province": "08"}, "geometry": {"type": "Point", "coordinates": [-78.73286, 44.35012]}}, {"type": "Feature", "properties": {"name": "Grand Bay-Westfield", "population": 5162, "geonameid": "6054465", "province": "04"}, "geometry": {"type": "Point", "coordinates": [-66.24166, 45.36187]}}, {"type": "Feature", "properties": {"name": "Listowel", "population": 7530, "geonameid": "6054677", "province": "08"}, "geometry": {"type": "Point", "coordinates": [-80.94973, 43.7334]}}, {"type": "Feature", "properties": {"name": "Lively", "population": 5608, "geonameid": "6057842", "province": "08"}, "geometry": {"type": "Point", "coordinates": [-81.14975, 46.43338]}}, {"type": "Feature", "properties": {"name": "Lloydminster", "population": 31582, "geonameid": "6058024", "province": "01"}, "geometry": {"type": "Point", "coordinates": [-110.02256, 53.27237]}}, {"type": "Feature", "properties": {"name": "London", "population": 422324, "geonameid": "6058560", "province": "08"}, "geometry": {"type": "Point", "coordinates": [-81.23304, 42.98339]}}, {"type": "Feature", "properties": {"name": "Longueuil", "population": 229330, "geonameid": "6059891", "province": "10"}, "geometry": {"type": "Point", "coordinates": [-73.46818, 45.5152]}}, {"type": "Feature", "properties": {"name": "Lorraine", "population": 9613, "geonameid": "6060407", "province": "10"}, "geometry": {"type": "Point", "coordinates": [-73.78249, 45.68338]}}, {"type": "Feature", "properties": {"name": "Louiseville", "population": 5819, "geonameid": "6060839", "province": "10"}, "geometry": {"type": "Point", "coordinates": [-72.94145, 46.25594]}}, {"type": "Feature", "properties": {"name": "Lower Lonsdale", "population": 19718, "geonameid": "6061334", "province": "02"}, "geometry": {"type": "Point", "coordinates": [-123.0725, 49.31406]}}, {"type": "Feature", "properties": {"name": "Lowertown", "population": 12824, "geonameid": "6061551", "province": "08"}, "geometry": {"type": "Point", "coordinates": [-75.69319, 45.43193]}}, {"type": "Feature", "properties": {"name": "Lutes Mountain", "population": 16311, "geonameid": "6062163", "province": "04"}, "geometry": {"type": "Point", "coordinates": [-64.90504, 46.13544]}}, {"type": "Feature", "properties": {"name": "McKenzie Lake", "population": 13290, "geonameid": "6063244", "province": "01"}, "geometry": {"type": "Point", "coordinates": [-113.98056, 50.90833]}}, {"type": "Feature", "properties": {"name": "Magog", "population": 15550, "geonameid": "6064180", "province": "10"}, "geometry": {"type": "Point", "coordinates": [-72.14909, 45.26678]}}, {"type": "Feature", "properties": {"name": "Maillardville", "population": 15837, "geonameid": "6064365", "province": "02"}, "geometry": {"type": "Point", "coordinates": [-122.86676, 49.23839]}}, {"type": "Feature", "properties": {"name": "Malvern", "population": 43794, "geonameid": "6064969", "province": "08"}, "geometry": {"type": "Point", "coordinates": [-79.22344, 43.80938]}}, {"type": "Feature", "properties": {"name": "Maple Ridge", "population": 82256, "geonameid": "6065686", "province": "02"}, "geometry": {"type": "Point", "coordinates": [-122.60193, 49.21939]}}, {"type": "Feature", "properties": {"name": "Marieville", "population": 5600, "geonameid": "6066350", "province": "10"}, "geometry": {"type": "Point", "coordinates": [-73.16585, 45.43338]}}, {"type": "Feature", "properties": {"name": "Markham", "population": 338503, "geonameid": "6066513", "province": "08"}, "geometry": {"type": "Point", "coordinates": [-79.2663, 43.86682]}}, {"type": "Feature", "properties": {"name": "Markland Wood", "population": 10554, "geonameid": "6066548", "province": "08"}, "geometry": {"type": "Point", "coordinates": [-79.57569, 43.63347]}}, {"type": "Feature", "properties": {"name": "Marlborough", "population": 8910, "geonameid": "6066608", "province": "01"}, "geometry": {"type": "Point", "coordinates": [-113.96813, 51.05925]}}, {"type": "Feature", "properties": {"name": "Marlborough Park", "population": 8290, "geonameid": "6066612", "province": "01"}, "geometry": {"type": "Point", "coordinates": [-113.94444, 51.05833]}}, {"type": "Feature", "properties": {"name": "Martensville", "population": 9645, "geonameid": "6067033", "province": "11"}, "geometry": {"type": "Point", "coordinates": [-106.66792, 52.28339]}}, {"type": "Feature", "properties": {"name": "Martindale", "population": 14540, "geonameid": "6067090", "province": "01"}, "geometry": {"type": "Point", "coordinates": [-113.95556, 51.11806]}}, {"type": "Feature", "properties": {"name": "Marystown", "population": 5204, "geonameid": "6067472", "province": "05"}, "geometry": {"type": "Point", "coordinates": [-55.14829, 47.16663]}}, {"type": "Feature", "properties": {"name": "Mascouche", "population": 34626, "geonameid": "6067494", "province": "10"}, "geometry": {"type": "Point", "coordinates": [-73.59956, 45.74965]}}, {"type": "Feature", "properties": {"name": "Mayland Heights", "population": 5925, "geonameid": "6068380", "province": "01"}, "geometry": {"type": "Point", "coordinates": [-114.01114, 51.06084]}}, {"type": "Feature", "properties": {"name": "McKenzie Towne", "population": 17505, "geonameid": "6070250", "province": "01"}, "geometry": {"type": "Point", "coordinates": [-113.96736, 50.91342]}}, {"type": "Feature", "properties": {"name": "McMasterville", "population": 5936, "geonameid": "6070782", "province": "10"}, "geometry": {"type": "Point", "coordinates": [-73.26585, 45.55008]}}, {"type": "Feature", "properties": {"name": "Meadow Lake", "population": 5266, "geonameid": "6071421", "province": "11"}, "geometry": {"type": "Point", "coordinates": [-108.43471, 54.13348]}}, {"type": "Feature", "properties": {"name": "Medicine Hat", "population": 63138, "geonameid": "6071618", "province": "01"}, "geometry": {"type": "Point", "coordinates": [-110.67661, 50.03928]}}, {"type": "Feature", "properties": {"name": "Melfort", "population": 5778, "geonameid": "6071876", "province": "11"}, "geometry": {"type": "Point", "coordinates": [-104.61768, 52.86673]}}, {"type": "Feature", "properties": {"name": "Memramcook", "population": 5029, "geonameid": "6072045", "province": "04"}, "geometry": {"type": "Point", "coordinates": [-64.55156, 46.00435]}}, {"type": "Feature", "properties": {"name": "Mercier", "population": 10121, "geonameid": "6072206", "province": "10"}, "geometry": {"type": "Point", "coordinates": [-73.73976, 45.3105]}}, {"type": "Feature", "properties": {"name": "Merritt", "population": 7139, "geonameid": "6072350", "province": "02"}, "geometry": {"type": "Point", "coordinates": [-120.7942, 50.11225]}}, {"type": "Feature", "properties": {"name": "Metchosin", "population": 5067, "geonameid": "6072482", "province": "02"}, "geometry": {"type": "Point", "coordinates": [-123.53591, 48.38293]}}, {"type": "Feature", "properties": {"name": "Metrotown", "population": 52355, "geonameid": "6072539", "province": "02"}, "geometry": {"type": "Point", "coordinates": [-123.0, 49.225]}}, {"type": "Feature", "properties": {"name": "Midland", "population": 24353, "geonameid": "6073363", "province": "08"}, "geometry": {"type": "Point", "coordinates": [-79.88296, 44.7501]}}, {"type": "Feature", "properties": {"name": "Midnapore", "population": 6480, "geonameid": "6073377", "province": "01"}, "geometry": {"type": "Point", "coordinates": [-114.05903, 50.91532]}}, {"type": "Feature", "properties": {"name": "Mill Bay", "population": 7200, "geonameid": "6073743", "province": "02"}, "geometry": {"type": "Point", "coordinates": [-123.55, 48.65]}}, {"type": "Feature", "properties": {"name": "Millidgeville", "population": 6527, "geonameid": "6074123", "province": "04"}, "geometry": {"type": "Point", "coordinates": [-66.10319, 45.3017]}}, {"type": "Feature", "properties": {"name": "Milliken", "population": 26572, "geonameid": "6074143", "province": "08"}, "geometry": {"type": "Point", "coordinates": [-79.29872, 43.82499]}}, {"type": "Feature", "properties": {"name": "Millrise", "population": 6655, "geonameid": "6074228", "province": "01"}, "geometry": {"type": "Point", "coordinates": [-114.08472, 50.91667]}}, {"type": "Feature", "properties": {"name": "Millview", "population": 9189, "geonameid": "6074291", "province": "07"}, "geometry": {"type": "Point", "coordinates": [-63.67035, 44.70934]}}, {"type": "Feature", "properties": {"name": "Milton", "population": 132979, "geonameid": "6074377", "province": "08"}, "geometry": {"type": "Point", "coordinates": [-79.88294, 43.51681]}}, {"type": "Feature", "properties": {"name": "Mimico", "population": 33964, "geonameid": "6074409", "province": "08"}, "geometry": {"type": "Point", "coordinates": [-79.51269, 43.61616]}}, {"type": "Feature", "properties": {"name": "Mirabel", "population": 34626, "geonameid": "6075061", "province": "10"}, "geometry": {"type": "Point", "coordinates": [-74.08251, 45.65008]}}, {"type": "Feature", "properties": {"name": "Miramichi", "population": 17537, "geonameid": "6075081", "province": "04"}, "geometry": {"type": "Point", "coordinates": [-65.50186, 47.02895]}}, {"type": "Feature", "properties": {"name": "Mission", "population": 41519, "geonameid": "6075292", "province": "02"}, "geometry": {"type": "Point", "coordinates": [-122.30258, 49.13298]}}, {"type": "Feature", "properties": {"name": "Mississauga", "population": 717961, "geonameid": "6075357", "province": "08"}, "geometry": {"type": "Point", "coordinates": [-79.6583, 43.5789]}}, {"type": "Feature", "properties": {"name": "Mississippi Mills", "population": 14740, "geonameid": "6075370", "province": "08"}, "geometry": {"type": "Point", "coordinates": [-76.19939, 45.23341]}}, {"type": "Feature", "properties": {"name": "Moncton", "population": 86106, "geonameid": "6076211", "province": "04"}, "geometry": {"type": "Point", "coordinates": [-64.7965, 46.09454]}}, {"type": "Feature", "properties": {"name": "Monterey Park", "population": 10475, "geonameid": "6076967", "province": "01"}, "geometry": {"type": "Point", "coordinates": [-113.92917, 51.08194]}}, {"type": "Feature", "properties": {"name": "Mont-Laurier", "population": 13405, "geonameid": "6077128", "province": "10"}, "geometry": {"type": "Point", "coordinates": [-75.4993, 46.55011]}}, {"type": "Feature", "properties": {"name": "Montréal", "population": 1762949, "geonameid": "6077243", "province": "10"}, "geometry": {"type": "Point", "coordinates": [-73.58781, 45.50884]}}, {"type": "Feature", "properties": {"name": "Montréal-Ouest", "population": 5184, "geonameid": "6077265", "province": "10"}, "geometry": {"type": "Point", "coordinates": [-73.64918, 45.45286]}}, {"type": "Feature", "properties": {"name": "Mont-Royal", "population": 18933, "geonameid": "6077315", "province": "10"}, "geometry": {"type": "Point", "coordinates": [-73.64918, 45.51675]}}, {"type": "Feature", "properties": {"name": "Mont-Saint-Hilaire", "population": 15720, "geonameid": "6077340", "province": "10"}, "geometry": {"type": "Point", "coordinates": [-73.1868, 45.56515]}}, {"type": "Feature", "properties": {"name": "Mont-Tremblant", "population": 8892, "geonameid": "6077445", "province": "10"}, "geometry": {"type": "Point", "coordinates": [-74.58438, 46.21274]}}, {"type": "Feature", "properties": {"name": "Moose Jaw", "population": 33890, "geonameid": "6078112", "province": "11"}, "geometry": {"type": "Point", "coordinates": [-105.53445, 50.40005]}}, {"type": "Feature", "properties": {"name": "Morden", "population": 8668, "geonameid": "6078447", "province": "03"}, "geometry": {"type": "Point", "coordinates": [-98.10136, 49.1919]}}, {"type": "Feature", "properties": {"name": "Morinville", "population": 9848, "geonameid": "6078636", "province": "01"}, "geometry": {"type": "Point", "coordinates": [-113.65203, 53.80014]}}, {"type": "Feature", "properties": {"name": "Mount Dennis", "population": 13593, "geonameid": "6080488", "province": "08"}, "geometry": {"type": "Point", "coordinates": [-79.48917, 43.68694]}}, {"type": "Feature", "properties": {"name": "Mount Forest", "population": 5040, "geonameid": "6080782", "province": "08"}, "geometry": {"type": "Point", "coordinates": [-80.72205, 43.97948]}}, {"type": "Feature", "properties": {"name": "Mount Pearl", "population": 22477, "geonameid": "6082231", "province": "05"}, "geometry": {"type": "Point", "coordinates": [-52.78135, 47.51659]}}, {"type": "Feature", "properties": {"name": "Mount Pleasant", "population": 6325, "geonameid": "6082321", "province": "01"}, "geometry": {"type": "Point", "coordinates": [-114.07705, 51.07322]}}, {"type": "Feature", "properties": {"name": "Mount Pleasant", "population": 33000, "geonameid": "6082322", "province": "02"}, "geometry": {"type": "Point", "coordinates": [-123.1, 49.26667]}}, {"type": "Feature", "properties": {"name": "Mount Royal", "population": 5305, "geonameid": "6082548", "province": "11"}, "geometry": {"type": "Point", "coordinates": [-106.70061, 52.13588]}}, {"type": "Feature", "properties": {"name": "Murrayville", "population": 11420, "geonameid": "6084746", "province": "02"}, "geometry": {"type": "Point", "coordinates": [-122.61667, 49.08333]}}, {"type": "Feature", "properties": {"name": "Nanaimo", "population": 90504, "geonameid": "6085772", "province": "02"}, "geometry": {"type": "Point", "coordinates": [-123.94003, 49.16638]}}, {"type": "Feature", "properties": {"name": "Napanee", "population": 7439, "geonameid": "6085931", "province": "08"}, "geometry": {"type": "Point", "coordinates": [-76.94944, 44.25012]}}, {"type": "Feature", "properties": {"name": "Nashwaaksis", "population": 9831, "geonameid": "6086161", "province": "04"}, "geometry": {"type": "Point", "coordinates": [-66.65793, 45.98011]}}, {"type": "Feature", "properties": {"name": "Nelson", "population": 10664, "geonameid": "6086871", "province": "02"}, "geometry": {"type": "Point", "coordinates": [-117.28553, 49.49985]}}, {"type": "Feature", "properties": {"name": "Nepean", "population": 180000, "geonameid": "6087029", "province": "08"}, "geometry": {"type": "Point", "coordinates": [-75.7225, 45.33619]}}, {"type": "Feature", "properties": {"name": "New Glasgow", "population": 18665, "geonameid": "6087579", "province": "07"}, "geometry": {"type": "Point", "coordinates": [-62.64863, 45.58344]}}, {"type": "Feature", "properties": {"name": "New Hamburg", "population": 13595, "geonameid": "6087591", "province": "08"}, "geometry": {"type": "Point", "coordinates": [-80.6997, 43.38339]}}, {"type": "Feature", "properties": {"name": "Newmarket", "population": 91034, "geonameid": "6087701", "province": "08"}, "geometry": {"type": "Point", "coordinates": [-79.46631, 44.05011]}}, {"type": "Feature", "properties": {"name": "Newton", "population": 159390, "geonameid": "6087790", "province": "02"}, "geometry": {"type": "Point", "coordinates": [-122.85, 49.13333]}}, {"type": "Feature", "properties": {"name": "New Toronto", "population": 11463, "geonameid": "6087824", "province": "08"}, "geometry": {"type": "Point", "coordinates": [-79.50527, 43.60019]}}, {"type": "Feature", "properties": {"name": "New Waterford", "population": 6723, "geonameid": "6087843", "province": "07"}, "geometry": {"type": "Point", "coordinates": [-60.08175, 46.25014]}}, {"type": "Feature", "properties": {"name": "New Westminster", "population": 78916, "geonameid": "6087844", "province": "02"}, "geometry": {"type": "Point", "coordinates": [-122.91092, 49.20678]}}, {"type": "Feature", "properties": {"name": "Niagara Falls", "population": 99818, "geonameid": "6087892", "province": "08"}, "geometry": {"type": "Point", "coordinates": [-79.06627, 43.10012]}}, {"type": "Feature", "properties": {"name": "Niagara-on-the-Lake", "population": 17511, "geonameid": "6087905", "province": "08"}, "geometry": {"type": "Point", "coordinates": [-79.08527, 43.25655]}}, {"type": "Feature", "properties": {"name": "Nicolet", "population": 5669, "geonameid": "6088132", "province": "10"}, "geometry": {"type": "Point", "coordinates": [-72.61292, 46.23085]}}, {"type": "Feature", "properties": {"name": "Norfolk County", "population": 60847, "geonameid": "6089125", "province": "08"}, "geometry": {"type": "Point", "coordinates": [-80.38297, 42.8334]}}, {"type": "Feature", "properties": {"name": "North Battleford", "population": 19440, "geonameid": "6089404", "province": "11"}, "geometry": {"type": "Point", "coordinates": [-108.2967, 52.77972]}}, {"type": "Feature", "properties": {"name": "North Bay", "population": 50396, "geonameid": "6089426", "province": "08"}, "geometry": {"type": "Point", "coordinates": [-79.46633, 46.3168]}}, {"type": "Feature", "properties": {"name": "North Cowichan", "population": 29676, "geonameid": "6089661", "province": "02"}, "geometry": {"type": "Point", "coordinates": [-123.68596, 48.84133]}}, {"type": "Feature", "properties": {"name": "North Delta", "population": 60769, "geonameid": "6089692", "province": "02"}, "geometry": {"type": "Point", "coordinates": [-122.91667, 49.16667]}}, {"type": "Feature", "properties": {"name": "North Kamloops", "population": 10995, "geonameid": "6090172", "province": "02"}, "geometry": {"type": "Point", "coordinates": [-120.3692, 50.69978]}}, {"type": "Feature", "properties": {"name": "North Perth", "population": 13130, "geonameid": "6090405", "province": "08"}, "geometry": {"type": "Point", "coordinates": [-80.96723, 43.7251]}}, {"type": "Feature", "properties": {"name": "North Saanich", "population": 11089, "geonameid": "6090579", "province": "02"}, "geometry": {"type": "Point", "coordinates": [-123.41933, 48.66634]}}, {"type": "Feature", "properties": {"name": "North Sydney", "population": 5699, "geonameid": "6090698", "province": "07"}, "geometry": {"type": "Point", "coordinates": [-60.25489, 46.20777]}}, {"type": "Feature", "properties": {"name": "North Vancouver", "population": 88168, "geonameid": "6090785", "province": "02"}, "geometry": {"type": "Point", "coordinates": [-123.06934, 49.31636]}}, {"type": "Feature", "properties": {"name": "Notre-Dame-de-Grâce", "population": 68152, "geonameid": "6091314", "province": "10"}, "geometry": {"type": "Point", "coordinates": [-73.61432, 45.47675]}}, {"type": "Feature", "properties": {"name": "Notre-Dame-de-l'Île-Perrot", "population": 9885, "geonameid": "6091369", "province": "10"}, "geometry": {"type": "Point", "coordinates": [-73.9325, 45.36678]}}, {"type": "Feature", "properties": {"name": "Notre-Dame-des-Prairies", "population": 8230, "geonameid": "6091422", "province": "10"}, "geometry": {"type": "Point", "coordinates": [-73.43245, 46.05007]}}, {"type": "Feature", "properties": {"name": "Nutana", "population": 6294, "geonameid": "6091772", "province": "11"}, "geometry": {"type": "Point", "coordinates": [-106.65617, 52.11893]}}, {"type": "Feature", "properties": {"name": "Oak Bay", "population": 18015, "geonameid": "6091919", "province": "02"}, "geometry": {"type": "Point", "coordinates": [-123.3026, 48.44964]}}, {"type": "Feature", "properties": {"name": "Oakridge", "population": 13845, "geonameid": "6092095", "province": "08"}, "geometry": {"type": "Point", "coordinates": [-79.28028, 43.69686]}}, {"type": "Feature", "properties": {"name": "Oakridge", "population": 5620, "geonameid": "6092096", "province": "01"}, "geometry": {"type": "Point", "coordinates": [-114.12889, 50.96762]}}, {"type": "Feature", "properties": {"name": "Oakridge", "population": 13030, "geonameid": "6092097", "province": "02"}, "geometry": {"type": "Point", "coordinates": [-123.11667, 49.23333]}}, {"type": "Feature", "properties": {"name": "Oakville", "population": 213759, "geonameid": "6092122", "province": "08"}, "geometry": {"type": "Point", "coordinates": [-79.68292, 43.45011]}}, {"type": "Feature", "properties": {"name": "Oakwood Village", "population": 21210, "geonameid": "6092125", "province": "08"}, "geometry": {"type": "Point", "coordinates": [-79.43833, 43.68278]}}, {"type": "Feature", "properties": {"name": "Ogden", "population": 8315, "geonameid": "6092708", "province": "01"}, "geometry": {"type": "Point", "coordinates": [-114.01389, 50.99306]}}, {"type": "Feature", "properties": {"name": "Okanagan Mission", "population": 38374, "geonameid": "6092896", "province": "02"}, "geometry": {"type": "Point", "coordinates": [-119.48333, 49.81667]}}, {"type": "Feature", "properties": {"name": "Okotoks", "population": 30214, "geonameid": "6093010", "province": "01"}, "geometry": {"type": "Point", "coordinates": [-113.98281, 50.72885]}}, {"type": "Feature", "properties": {"name": "Olds", "population": 9209, "geonameid": "6093347", "province": "01"}, "geometry": {"type": "Point", "coordinates": [-114.10199, 51.78341]}}, {"type": "Feature", "properties": {"name": "Wîhkwêntôwin", "population": 18180, "geonameid": "6093513", "province": "01"}, "geometry": {"type": "Point", "coordinates": [-113.52222, 53.54306]}}, {"type": "Feature", "properties": {"name": "Oliver", "population": 5094, "geonameid": "6093514", "province": "02"}, "geometry": {"type": "Point", "coordinates": [-119.5524, 49.18306]}}, {"type": "Feature", "properties": {"name": "Orangeville", "population": 30734, "geonameid": "6094201", "province": "08"}, "geometry": {"type": "Point", "coordinates": [-80.09967, 43.9168]}}, {"type": "Feature", "properties": {"name": "Orillia", "population": 31166, "geonameid": "6094325", "province": "08"}, "geometry": {"type": "Point", "coordinates": [-79.42068, 44.60868]}}, {"type": "Feature", "properties": {"name": "Ormsby Place", "population": 5314, "geonameid": "6094389", "province": "01"}, "geometry": {"type": "Point", "coordinates": [-113.64167, 53.49861]}}, {"type": "Feature", "properties": {"name": "Oromocto", "population": 8805, "geonameid": "6094407", "province": "04"}, "geometry": {"type": "Point", "coordinates": [-66.47917, 45.83512]}}, {"type": "Feature", "properties": {"name": "Oshawa", "population": 175383, "geonameid": "6094578", "province": "08"}, "geometry": {"type": "Point", "coordinates": [-78.84957, 43.90012]}}, {"type": "Feature", "properties": {"name": "Osoyoos", "population": 5556, "geonameid": "6094665", "province": "02"}, "geometry": {"type": "Point", "coordinates": [-119.45237, 49.03306]}}, {"type": "Feature", "properties": {"name": "Ottawa", "population": 1017449, "geonameid": "6094817", "province": "08"}, "geometry": {"type": "Point", "coordinates": [-75.69812, 45.41117]}}, {"type": "Feature", "properties": {"name": "Ottawa South", "population": 125090, "geonameid": "6094835", "province": "08"}, "geometry": {"type": "Point", "coordinates": [-75.68725, 45.3921]}}, {"type": "Feature", "properties": {"name": "Otterburn Park", "population": 8464, "geonameid": "6094884", "province": "10"}, "geometry": {"type": "Point", "coordinates": [-73.21585, 45.53338]}}, {"type": "Feature", "properties": {"name": "Ottewell", "population": 5848, "geonameid": "6095214", "province": "01"}, "geometry": {"type": "Point", "coordinates": [-113.43049, 53.52766]}}, {"type": "Feature", "properties": {"name": "Overbrook", "population": 9650, "geonameid": "6095514", "province": "08"}, "geometry": {"type": "Point", "coordinates": [-75.65204, 45.42726]}}, {"type": "Feature", "properties": {"name": "Owen Sound", "population": 21341, "geonameid": "6095645", "province": "08"}, "geometry": {"type": "Point", "coordinates": [-80.94349, 44.56717]}}, {"type": "Feature", "properties": {"name": "Oxford Heights", "population": 6156, "geonameid": "6095787", "province": "02"}, "geometry": {"type": "Point", "coordinates": [-122.76013, 49.28115]}}, {"type": "Feature", "properties": {"name": "Panorama Hills", "population": 25535, "geonameid": "6096582", "province": "01"}, "geometry": {"type": "Point", "coordinates": [-114.081, 51.15286]}}, {"type": "Feature", "properties": {"name": "Paradise", "population": 22957, "geonameid": "6096729", "province": "05"}, "geometry": {"type": "Point", "coordinates": [-52.88136, 47.52909]}}, {"type": "Feature", "properties": {"name": "Parkridge", "population": 5430, "geonameid": "6098602", "province": "11"}, "geometry": {"type": "Point", "coordinates": [-106.75116, 52.12421]}}, {"type": "Feature", "properties": {"name": "Parksville", "population": 12000, "geonameid": "6098642", "province": "02"}, "geometry": {"type": "Point", "coordinates": [-124.31575, 49.31947]}}, {"type": "Feature", "properties": {"name": "Parry Sound", "population": 6321, "geonameid": "6098747", "province": "08"}, "geometry": {"type": "Point", "coordinates": [-80.03527, 45.34732]}}, {"type": "Feature", "properties": {"name": "Peace River", "population": 6842, "geonameid": "6100069", "province": "01"}, "geometry": {"type": "Point", "coordinates": [-117.29176, 56.23715]}}, {"type": "Feature", "properties": {"name": "Peachland", "population": 5006, "geonameid": "6100086", "province": "02"}, "geometry": {"type": "Point", "coordinates": [-119.74633, 49.76862]}}, {"type": "Feature", "properties": {"name": "Pembroke", "population": 13882, "geonameid": "6100832", "province": "08"}, "geometry": {"type": "Point", "coordinates": [-77.11616, 45.81681]}}, {"type": "Feature", "properties": {"name": "Penbrooke Meadows", "population": 8235, "geonameid": "6100876", "province": "01"}, "geometry": {"type": "Point", "coordinates": [-113.93333, 51.05]}}, {"type": "Feature", "properties": {"name": "Penetanguishene", "population": 10077, "geonameid": "6100932", "province": "08"}, "geometry": {"type": "Point", "coordinates": [-79.91637, 44.7834]}}, {"type": "Feature", "properties": {"name": "Penticton", "population": 33761, "geonameid": "6101141", "province": "02"}, "geometry": {"type": "Point", "coordinates": [-119.58584, 49.48062]}}, {"type": "Feature", "properties": {"name": "Perth", "population": 5573, "geonameid": "6101546", "province": "08"}, "geometry": {"type": "Point", "coordinates": [-76.24939, 44.90011]}}, {"type": "Feature", "properties": {"name": "Petawawa", "population": 17187, "geonameid": "6101606", "province": "08"}, "geometry": {"type": "Point", "coordinates": [-77.28007, 45.89452]}}, {"type": "Feature", "properties": {"name": "Peterborough", "population": 85807, "geonameid": "6101645", "province": "08"}, "geometry": {"type": "Point", "coordinates": [-78.31623, 44.30012]}}, {"type": "Feature", "properties": {"name": "Petrolia", "population": 5632, "geonameid": "6103581", "province": "08"}, "geometry": {"type": "Point", "coordinates": [-82.152, 42.882]}}, {"type": "Feature", "properties": {"name": "Pickering", "population": 91771, "geonameid": "6104111", "province": "08"}, "geometry": {"type": "Point", "coordinates": [-79.13289, 43.90012]}}, {"type": "Feature", "properties": {"name": "Pierrefonds", "population": 59093, "geonameid": "6104319", "province": "10"}, "geometry": {"type": "Point", "coordinates": [-73.89284, 45.45989]}}, {"type": "Feature", "properties": {"name": "Pincourt", "population": 11197, "geonameid": "6104876", "province": "10"}, "geometry": {"type": "Point", "coordinates": [-73.9825, 45.38338]}}, {"type": "Feature", "properties": {"name": "Pineridge", "population": 9850, "geonameid": "6105195", "province": "01"}, "geometry": {"type": "Point", "coordinates": [-113.94608, 51.07441]}}, {"type": "Feature", "properties": {"name": "Pitt Meadows", "population": 18573, "geonameid": "6105815", "province": "02"}, "geometry": {"type": "Point", "coordinates": [-122.68965, 49.22119]}}, {"type": "Feature", "properties": {"name": "Plantagenet", "population": 9680, "geonameid": "6106158", "province": "08"}, "geometry": {"type": "Point", "coordinates": [-74.99369, 45.5326]}}, {"type": "Feature", "properties": {"name": "Pleasant Hill", "population": 5169, "geonameid": "6106303", "province": "11"}, "geometry": {"type": "Point", "coordinates": [-106.6995, 52.1256]}}, {"type": "Feature", "properties": {"name": "Pointe-Calumet", "population": 6396, "geonameid": "6107272", "province": "10"}, "geometry": {"type": "Point", "coordinates": [-73.9659, 45.50008]}}, {"type": "Feature", "properties": {"name": "Pointe-Claire", "population": 30161, "geonameid": "6107325", "province": "10"}, "geometry": {"type": "Point", "coordinates": [-73.81669, 45.44868]}}, {"type": "Feature", "properties": {"name": "Pointe-du-Lac", "population": 7104, "geonameid": "6107683", "province": "10"}, "geometry": {"type": "Point", "coordinates": [-71.78241, 48.50009]}}, {"type": "Feature", "properties": {"name": "Ponoka", "population": 6656, "geonameid": "6109273", "province": "01"}, "geometry": {"type": "Point", "coordinates": [-113.58147, 52.6768]}}, {"type": "Feature", "properties": {"name": "Pont Rouge", "population": 7518, "geonameid": "6110611", "province": "10"}, "geometry": {"type": "Point", "coordinates": [-72.08247, 48.88332]}}, {"type": "Feature", "properties": {"name": "Pont-Viau", "population": 14187, "geonameid": "6110747", "province": "10"}, "geometry": {"type": "Point", "coordinates": [-73.68583, 45.57194]}}, {"type": "Feature", "properties": {"name": "Portage la Prairie", "population": 13304, "geonameid": "6111529", "province": "03"}, "geometry": {"type": "Point", "coordinates": [-98.29263, 49.97282]}}, {"type": "Feature", "properties": {"name": "Port Alberni", "population": 20712, "geonameid": "6111632", "province": "02"}, "geometry": {"type": "Point", "coordinates": [-124.8028, 49.24133]}}, {"type": "Feature", "properties": {"name": "Port-Cartier", "population": 6516, "geonameid": "6111696", "province": "10"}, "geometry": {"type": "Point", "coordinates": [-66.86545, 50.03339]}}, {"type": "Feature", "properties": {"name": "Port Colborne", "population": 18306, "geonameid": "6111704", "province": "08"}, "geometry": {"type": "Point", "coordinates": [-79.23288, 42.90012]}}, {"type": "Feature", "properties": {"name": "Port Coquitlam", "population": 58000, "geonameid": "6111706", "province": "02"}, "geometry": {"type": "Point", "coordinates": [-122.76932, 49.26637]}}, {"type": "Feature", "properties": {"name": "Port Elgin", "population": 7862, "geonameid": "6111745", "province": "08"}, "geometry": {"type": "Point", "coordinates": [-81.38981, 44.43605]}}, {"type": "Feature", "properties": {"name": "Port Hope", "population": 12587, "geonameid": "6111882", "province": "08"}, "geometry": {"type": "Point", "coordinates": [-78.39953, 44.01682]}}, {"type": "Feature", "properties": {"name": "Port Moody", "population": 27512, "geonameid": "6111962", "province": "02"}, "geometry": {"type": "Point", "coordinates": [-122.82457, 49.28124]}}, {"type": "Feature", "properties": {"name": "Port Wallace", "population": 6963, "geonameid": "6112050", "province": "07"}, "geometry": {"type": "Point", "coordinates": [-63.54767, 44.69882]}}, {"type": "Feature", "properties": {"name": "Powell River", "population": 13157, "geonameid": "6112608", "province": "02"}, "geometry": {"type": "Point", "coordinates": [-124.52368, 49.83278]}}, {"type": "Feature", "properties": {"name": "Prévost", "population": 10132, "geonameid": "6113198", "province": "10"}, "geometry": {"type": "Point", "coordinates": [-74.08251, 45.86678]}}, {"type": "Feature", "properties": {"name": "Prince Albert", "population": 35102, "geonameid": "6113335", "province": "11"}, "geometry": {"type": "Point", "coordinates": [-105.76772, 53.20008]}}, {"type": "Feature", "properties": {"name": "Prince Edward", "population": 25496, "geonameid": "6113355", "province": "08"}, "geometry": {"type": "Point", "coordinates": [-77.24946, 44.00012]}}, {"type": "Feature", "properties": {"name": "Prince George", "population": 78943, "geonameid": "6113365", "province": "02"}, "geometry": {"type": "Point", "coordinates": [-122.75301, 53.9166]}}, {"type": "Feature", "properties": {"name": "Prince Rupert", "population": 14708, "geonameid": "6113406", "province": "02"}, "geometry": {"type": "Point", "coordinates": [-130.32098, 54.31507]}}, {"type": "Feature", "properties": {"name": "Princeville", "population": 5571, "geonameid": "6113466", "province": "07"}, "geometry": {"type": "Point", "coordinates": [-61.29853, 45.76684]}}, {"type": "Feature", "properties": {"name": "Qualicum Beach", "population": 9303, "geonameid": "6114862", "province": "02"}, "geometry": {"type": "Point", "coordinates": [-124.44231, 49.34783]}}, {"type": "Feature", "properties": {"name": "Queen Mary Park", "population": 7365, "geonameid": "6115091", "province": "01"}, "geometry": {"type": "Point", "coordinates": [-113.51718, 53.55479]}}, {"type": "Feature", "properties": {"name": "Queensborough", "population": 11000, "geonameid": "6115107", "province": "02"}, "geometry": {"type": "Point", "coordinates": [-122.93333, 49.18333]}}, {"type": "Feature", "properties": {"name": "Queenswood Heights", "population": 12000, "geonameid": "6115156", "province": "08"}, "geometry": {"type": "Point", "coordinates": [-75.50556, 45.47083]}}, {"type": "Feature", "properties": {"name": "Quesnel", "population": 9879, "geonameid": "6115187", "province": "02"}, "geometry": {"type": "Point", "coordinates": [-122.4931, 52.97842]}}, {"type": "Feature", "properties": {"name": "Quinte West", "population": 43577, "geonameid": "6115355", "province": "08"}, "geometry": {"type": "Point", "coordinates": [-77.56618, 44.18342]}}, {"type": "Feature", "properties": {"name": "Quispamsis", "population": 18768, "geonameid": "6115383", "province": "04"}, "geometry": {"type": "Point", "coordinates": [-65.95127, 45.42135]}}, {"type": "Feature", "properties": {"name": "Rabbittown", "population": 5368, "geonameid": "6115568", "province": "05"}, "geometry": {"type": "Point", "coordinates": [-52.72304, 47.56799]}}, {"type": "Feature", "properties": {"name": "Ranchlands", "population": 7490, "geonameid": "6116399", "province": "01"}, "geometry": {"type": "Point", "coordinates": [-114.18333, 51.11667]}}, {"type": "Feature", "properties": {"name": "Ranch Park", "population": 7925, "geonameid": "6116401", "province": "02"}, "geometry": {"type": "Point", "coordinates": [-122.80906, 49.26047]}}, {"type": "Feature", "properties": {"name": "Rawdon", "population": 5188, "geonameid": "6117611", "province": "10"}, "geometry": {"type": "Point", "coordinates": [-73.71587, 46.05007]}}, {"type": "Feature", "properties": {"name": "Rayside-Balfour", "population": 14557, "geonameid": "6117731", "province": "08"}, "geometry": {"type": "Point", "coordinates": [-81.20763, 46.60873]}}, {"type": "Feature", "properties": {"name": "Redcliff", "population": 5581, "geonameid": "6118091", "province": "01"}, "geometry": {"type": "Point", "coordinates": [-110.78495, 50.08336]}}, {"type": "Feature", "properties": {"name": "Red Deer", "population": 100844, "geonameid": "6118158", "province": "01"}, "geometry": {"type": "Point", "coordinates": [-113.802, 52.26682]}}, {"type": "Feature", "properties": {"name": "Regent Park", "population": 10803, "geonameid": "6119101", "province": "08"}, "geometry": {"type": "Point", "coordinates": [-79.3615, 43.66041]}}, {"type": "Feature", "properties": {"name": "Regina", "population": 226404, "geonameid": "6119109", "province": "11"}, "geometry": {"type": "Point", "coordinates": [-104.6178, 50.45008]}}, {"type": "Feature", "properties": {"name": "Renfrew", "population": 8223, "geonameid": "6119448", "province": "08"}, "geometry": {"type": "Point", "coordinates": [-76.68272, 45.46681]}}, {"type": "Feature", "properties": {"name": "Renfrew", "population": 6580, "geonameid": "6119450", "province": "01"}, "geometry": {"type": "Point", "coordinates": [-114.03877, 51.06319]}}, {"type": "Feature", "properties": {"name": "Renfrew-Collingwood", "population": 51530, "geonameid": "6119451", "province": "02"}, "geometry": {"type": "Point", "coordinates": [-123.03758, 49.245]}}, {"type": "Feature", "properties": {"name": "Repentigny", "population": 84965, "geonameid": "6119518", "province": "10"}, "geometry": {"type": "Point", "coordinates": [-73.45008, 45.74222]}}, {"type": "Feature", "properties": {"name": "Revelstoke", "population": 7547, "geonameid": "6121621", "province": "02"}, "geometry": {"type": "Point", "coordinates": [-118.1953, 50.99712]}}, {"type": "Feature", "properties": {"name": "Richelieu", "population": 5208, "geonameid": "6122037", "province": "10"}, "geometry": {"type": "Point", "coordinates": [-73.24602, 45.44336]}}, {"type": "Feature", "properties": {"name": "Richmond", "population": 5250, "geonameid": "6122084", "province": "01"}, "geometry": {"type": "Point", "coordinates": [-114.11389, 51.03056]}}, {"type": "Feature", "properties": {"name": "Richmond", "population": 209937, "geonameid": "6122085", "province": "02"}, "geometry": {"type": "Point", "coordinates": [-123.13683, 49.17003]}}, {"type": "Feature", "properties": {"name": "Richmond Hill", "population": 202022, "geonameid": "6122091", "province": "08"}, "geometry": {"type": "Point", "coordinates": [-79.43725, 43.87111]}}, {"type": "Feature", "properties": {"name": "Riverbend", "population": 9205, "geonameid": "6122606", "province": "01"}, "geometry": {"type": "Point", "coordinates": [-114.01389, 50.975]}}, {"type": "Feature", "properties": {"name": "Riverview", "population": 20584, "geonameid": "6122758", "province": "04"}, "geometry": {"type": "Point", "coordinates": [-64.81597, 46.05455]}}, {"type": "Feature", "properties": {"name": "Roberval", "population": 10227, "geonameid": "6125653", "province": "10"}, "geometry": {"type": "Point", "coordinates": [-72.23244, 48.5168]}}, {"type": "Feature", "properties": {"name": "Rock Forest", "population": 35500, "geonameid": "6126305", "province": "10"}, "geometry": {"type": "Point", "coordinates": [-71.99676, 45.35699]}}, {"type": "Feature", "properties": {"name": "Rockingham", "population": 10079, "geonameid": "6126326", "province": "07"}, "geometry": {"type": "Point", "coordinates": [-63.64488, 44.67336]}}, {"type": "Feature", "properties": {"name": "Rocky Mountain House", "population": 6527, "geonameid": "6126749", "province": "01"}, "geometry": {"type": "Point", "coordinates": [-114.9188, 52.36683]}}, {"type": "Feature", "properties": {"name": "Rocky Ridge", "population": 8195, "geonameid": "6126913", "province": "01"}, "geometry": {"type": "Point", "coordinates": [-114.24459, 51.14479]}}, {"type": "Feature", "properties": {"name": "Rosedale", "population": 5700, "geonameid": "6127587", "province": "02"}, "geometry": {"type": "Point", "coordinates": [-121.8, 49.18333]}}, {"type": "Feature", "properties": {"name": "Rosemère", "population": 14173, "geonameid": "6127681", "province": "10"}, "geometry": {"type": "Point", "coordinates": [-73.79919, 45.63338]}}, {"type": "Feature", "properties": {"name": "Rosemount", "population": 5610, "geonameid": "6127691", "province": "08"}, "geometry": {"type": "Point", "coordinates": [-80.46361, 43.45694]}}, {"type": "Feature", "properties": {"name": "Rothesay", "population": 11977, "geonameid": "6128033", "province": "04"}, "geometry": {"type": "Point", "coordinates": [-65.96744, 45.38046]}}, {"type": "Feature", "properties": {"name": "Rouge", "population": 46496, "geonameid": "6128081", "province": "08"}, "geometry": {"type": "Point", "coordinates": [-79.16571, 43.80406]}}, {"type": "Feature", "properties": {"name": "Rouyn-Noranda", "population": 23504, "geonameid": "6128577", "province": "10"}, "geometry": {"type": "Point", "coordinates": [-79.02311, 48.23656]}}, {"type": "Feature", "properties": {"name": "Roxboro", "population": 5948, "geonameid": "6128682", "province": "10"}, "geometry": {"type": "Point", "coordinates": [-73.80752, 45.50841]}}, {"type": "Feature", "properties": {"name": "Royal Oak", "population": 11580, "geonameid": "6128733", "province": "01"}, "geometry": {"type": "Point", "coordinates": [-114.22245, 51.14349]}}, {"type": "Feature", "properties": {"name": "Royal Oak", "population": 8855, "geonameid": "6128734", "province": "02"}, "geometry": {"type": "Point", "coordinates": [-123.38333, 48.48333]}}, {"type": "Feature", "properties": {"name": "Rundle", "population": 10545, "geonameid": "6136373", "province": "01"}, "geometry": {"type": "Point", "coordinates": [-113.97079, 51.07419]}}, {"type": "Feature", "properties": {"name": "Russell", "population": 6135, "geonameid": "6136572", "province": "08"}, "geometry": {"type": "Point", "coordinates": [-75.36602, 45.2501]}}, {"type": "Feature", "properties": {"name": "Rutland", "population": 34800, "geonameid": "6136777", "province": "02"}, "geometry": {"type": "Point", "coordinates": [-119.38567, 49.89977]}}, {"type": "Feature", "properties": {"name": "Saanich", "population": 117735, "geonameid": "6136944", "province": "02"}, "geometry": {"type": "Point", "coordinates": [-123.36931, 48.54964]}}, {"type": "Feature", "properties": {"name": "Saddle Ridge", "population": 24365, "geonameid": "6137146", "province": "01"}, "geometry": {"type": "Point", "coordinates": [-113.94676, 51.13262]}}, {"type": "Feature", "properties": {"name": "Saguenay", "population": 148886, "geonameid": "6137270", "province": "10"}, "geometry": {"type": "Point", "coordinates": [-71.06573, 48.41675]}}, {"type": "Feature", "properties": {"name": "Sahali", "population": 13493, "geonameid": "6137274", "province": "02"}, "geometry": {"type": "Point", "coordinates": [-120.33333, 50.65]}}, {"type": "Feature", "properties": {"name": "Saint-Amable", "population": 9486, "geonameid": "6137378", "province": "10"}, "geometry": {"type": "Point", "coordinates": [-73.29916, 45.65008]}}, {"type": "Feature", "properties": {"name": "Saint-Anselme", "population": 6740, "geonameid": "6137419", "province": "04"}, "geometry": {"type": "Point", "coordinates": [-64.71261, 46.06395]}}, {"type": "Feature", "properties": {"name": "Saint-Basile-le-Grand", "population": 15605, "geonameid": "6137489", "province": "10"}, "geometry": {"type": "Point", "coordinates": [-73.28246, 45.53338]}}, {"type": "Feature", "properties": {"name": "Saint-Bruno-de-Montarville", "population": 24388, "geonameid": "6137540", "province": "10"}, "geometry": {"type": "Point", "coordinates": [-73.34916, 45.53341]}}, {"type": "Feature", "properties": {"name": "Saint-Canut", "population": 10643, "geonameid": "6137557", "province": "10"}, "geometry": {"type": "Point", "coordinates": [-74.08376, 45.71502]}}, {"type": "Feature", "properties": {"name": "Saint-Césaire", "population": 5972, "geonameid": "6137573", "province": "10"}, "geometry": {"type": "Point", "coordinates": [-73.00104, 45.40948]}}, {"type": "Feature", "properties": {"name": "Saint-Charles-Borromée", "population": 15285, "geonameid": "6137579", "province": "10"}, "geometry": {"type": "Point", "coordinates": [-73.46586, 46.05007]}}, {"type": "Feature", "properties": {"name": "Saint-Constant", "population": 27359, "geonameid": "6137633", "province": "10"}, "geometry": {"type": "Point", "coordinates": [-73.56588, 45.36678]}}, {"type": "Feature", "properties": {"name": "Sainte-Adèle", "population": 10634, "geonameid": "6137696", "province": "10"}, "geometry": {"type": "Point", "coordinates": [-74.13251, 45.95008]}}, {"type": "Feature", "properties": {"name": "Sainte-Agathe-des-Monts", "population": 10223, "geonameid": "6137702", "province": "10"}, "geometry": {"type": "Point", "coordinates": [-74.28252, 46.05009]}}, {"type": "Feature", "properties": {"name": "Sainte-Anne-de-Bellevue", "population": 5197, "geonameid": "6137733", "province": "10"}, "geometry": {"type": "Point", "coordinates": [-73.9456, 45.40618]}}, {"type": "Feature", "properties": {"name": "Sainte-Anne-des-Monts", "population": 5602, "geonameid": "6137749", "province": "10"}, "geometry": {"type": "Point", "coordinates": [-66.49243, 49.12402]}}, {"type": "Feature", "properties": {"name": "Sainte-Anne-des-Plaines", "population": 10680, "geonameid": "6137753", "province": "10"}, "geometry": {"type": "Point", "coordinates": [-73.81156, 45.76468]}}, {"type": "Feature", "properties": {"name": "Sainte-Catherine", "population": 16762, "geonameid": "6137780", "province": "10"}, "geometry": {"type": "Point", "coordinates": [-73.58248, 45.40008]}}, {"type": "Feature", "properties": {"name": "Sainte-Catherine", "population": 16211, "geonameid": "6137781", "province": "10"}, "geometry": {"type": "Point", "coordinates": [-72.56632, 46.31836]}}, {"type": "Feature", "properties": {"name": "Sainte-Julie", "population": 29019, "geonameid": "6137941", "province": "10"}, "geometry": {"type": "Point", "coordinates": [-73.33246, 45.58338]}}, {"type": "Feature", "properties": {"name": "Sainte-Marthe-sur-le-Lac", "population": 11311, "geonameid": "6138032", "province": "10"}, "geometry": {"type": "Point", "coordinates": [-73.9325, 45.53338]}}, {"type": "Feature", "properties": {"name": "Sainte-Monique", "population": 14150, "geonameid": "6138048", "province": "10"}, "geometry": {"type": "Point", "coordinates": [-71.84911, 48.73339]}}, {"type": "Feature", "properties": {"name": "Sainte-Thérèse", "population": 25224, "geonameid": "6138121", "province": "10"}, "geometry": {"type": "Point", "coordinates": [-73.82757, 45.63922]}}, {"type": "Feature", "properties": {"name": "Saint-Eustache", "population": 42062, "geonameid": "6138175", "province": "10"}, "geometry": {"type": "Point", "coordinates": [-73.90554, 45.565]}}, {"type": "Feature", "properties": {"name": "Saint-Félicien", "population": 10278, "geonameid": "6138201", "province": "10"}, "geometry": {"type": "Point", "coordinates": [-72.44906, 48.65007]}}, {"type": "Feature", "properties": {"name": "Saint-Félix-de-Valois", "population": 6029, "geonameid": "6138210", "province": "10"}, "geometry": {"type": "Point", "coordinates": [-73.42525, 46.16977]}}, {"type": "Feature", "properties": {"name": "Saint-Hippolyte", "population": 8083, "geonameid": "6138352", "province": "10"}, "geometry": {"type": "Point", "coordinates": [-74.0159, 45.93338]}}, {"type": "Feature", "properties": {"name": "Saint-Honoré", "population": 6376, "geonameid": "6138360", "province": "10"}, "geometry": {"type": "Point", "coordinates": [-71.08236, 48.53338]}}, {"type": "Feature", "properties": {"name": "Saint-Hubert", "population": 82548, "geonameid": "6138369", "province": "10"}, "geometry": {"type": "Point", "coordinates": [-73.41583, 45.50008]}}, {"type": "Feature", "properties": {"name": "Saint-Hyacinthe", "population": 50326, "geonameid": "6138374", "province": "10"}, "geometry": {"type": "Point", "coordinates": [-72.95699, 45.63076]}}, {"type": "Feature", "properties": {"name": "Saint-Jean-sur-Richelieu", "population": 98036, "geonameid": "6138495", "province": "10"}, "geometry": {"type": "Point", "coordinates": [-73.26259, 45.30713]}}, {"type": "Feature", "properties": {"name": "Saint-Jérôme", "population": 54948, "geonameid": "6138501", "province": "10"}, "geometry": {"type": "Point", "coordinates": [-74.00365, 45.78036]}}, {"type": "Feature", "properties": {"name": "Saint John", "population": 71808, "geonameid": "6138517", "province": "04"}, "geometry": {"type": "Point", "coordinates": [-66.05616, 45.27076]}}, {"type": "Feature", "properties": {"name": "Saint John East", "population": 14579, "geonameid": "6138520", "province": "04"}, "geometry": {"type": "Point", "coordinates": [-66.04066, 45.2878]}}, {"type": "Feature", "properties": {"name": "Saint John West", "population": 15255, "geonameid": "6138525", "province": "04"}, "geometry": {"type": "Point", "coordinates": [-66.07776, 45.25937]}}, {"type": "Feature", "properties": {"name": "Saint-Joseph-du-Lac", "population": 6195, "geonameid": "6138573", "province": "10"}, "geometry": {"type": "Point", "coordinates": [-73.9992, 45.53338]}}, {"type": "Feature", "properties": {"name": "Saint-Laurent", "population": 98828, "geonameid": "6138610", "province": "10"}, "geometry": {"type": "Point", "coordinates": [-73.66585, 45.50008]}}, {"type": "Feature", "properties": {"name": "Saint-Lazare", "population": 19889, "geonameid": "6138617", "province": "10"}, "geometry": {"type": "Point", "coordinates": [-74.13256, 45.40008]}}, {"type": "Feature", "properties": {"name": "Saint-Léonard", "population": 79495, "geonameid": "6138625", "province": "10"}, "geometry": {"type": "Point", "coordinates": [-73.59501, 45.58773]}}, {"type": "Feature", "properties": {"name": "Saint-Lin-Laurentides", "population": 17463, "geonameid": "6138643", "province": "10"}, "geometry": {"type": "Point", "coordinates": [-73.76588, 45.85008]}}, {"type": "Feature", "properties": {"name": "Saint-Louis-de-Terrebonne", "population": 119944, "geonameid": "6138671", "province": "10"}, "geometry": {"type": "Point", "coordinates": [-73.78669, 45.70198]}}, {"type": "Feature", "properties": {"name": "Saint-Michel", "population": 56420, "geonameid": "6138791", "province": "10"}, "geometry": {"type": "Point", "coordinates": [-73.62168, 45.56758]}}, {"type": "Feature", "properties": {"name": "Saint-Philippe", "population": 7597, "geonameid": "6138908", "province": "10"}, "geometry": {"type": "Point", "coordinates": [-73.48111, 45.37597]}}, {"type": "Feature", "properties": {"name": "Saint-Pie", "population": 5438, "geonameid": "6138916", "province": "10"}, "geometry": {"type": "Point", "coordinates": [-72.9089, 45.50277]}}, {"type": "Feature", "properties": {"name": "Saint-Rémi", "population": 6891, "geonameid": "6138987", "province": "10"}, "geometry": {"type": "Point", "coordinates": [-73.61588, 45.26678]}}, {"type": "Feature", "properties": {"name": "Saint-Sauveur", "population": 9191, "geonameid": "6139045", "province": "10"}, "geometry": {"type": "Point", "coordinates": [-74.17943, 45.88686]}}, {"type": "Feature", "properties": {"name": "Saint-Sauveur-des-Monts", "population": 7849, "geonameid": "6139047", "province": "10"}, "geometry": {"type": "Point", "coordinates": [-74.16591, 45.90008]}}, {"type": "Feature", "properties": {"name": "Saint-Vincent-de-Paul", "population": 15194, "geonameid": "6139184", "province": "10"}, "geometry": {"type": "Point", "coordinates": [-73.64918, 45.61678]}}, {"type": "Feature", "properties": {"name": "Saint-Zotique", "population": 6773, "geonameid": "6139216", "province": "10"}, "geometry": {"type": "Point", "coordinates": [-74.24924, 45.25009]}}, {"type": "Feature", "properties": {"name": "Salaberry-de-Valleyfield", "population": 42787, "geonameid": "6139289", "province": "10"}, "geometry": {"type": "Point", "coordinates": [-74.13253, 45.25008]}}, {"type": "Feature", "properties": {"name": "Salmon Arm", "population": 19432, "geonameid": "6139417", "province": "02"}, "geometry": {"type": "Point", "coordinates": [-119.26907, 50.69981]}}, {"type": "Feature", "properties": {"name": "Sandstone Valley", "population": 5795, "geonameid": "6140552", "province": "01"}, "geometry": {"type": "Point", "coordinates": [-114.0937, 51.13811]}}, {"type": "Feature", "properties": {"name": "Sandy Hill", "population": 12490, "geonameid": "6140750", "province": "08"}, "geometry": {"type": "Point", "coordinates": [-75.67863, 45.42519]}}, {"type": "Feature", "properties": {"name": "Sardis", "population": 10010, "geonameid": "6141159", "province": "02"}, "geometry": {"type": "Point", "coordinates": [-121.95, 49.13333]}}, {"type": "Feature", "properties": {"name": "Sarnia", "population": 72125, "geonameid": "6141190", "province": "08"}, "geometry": {"type": "Point", "coordinates": [-82.40407, 42.97866]}}, {"type": "Feature", "properties": {"name": "Saskatoon", "population": 266141, "geonameid": "6141256", "province": "11"}, "geometry": {"type": "Point", "coordinates": [-106.66892, 52.13238]}}, {"type": "Feature", "properties": {"name": "Sault Ste. Marie", "population": 72051, "geonameid": "6141439", "province": "08"}, "geometry": {"type": "Point", "coordinates": [-84.33325, 46.51677]}}, {"type": "Feature", "properties": {"name": "Scarborough Village", "population": 16724, "geonameid": "6141900", "province": "08"}, "geometry": {"type": "Point", "coordinates": [-79.22124, 43.73899]}}, {"type": "Feature", "properties": {"name": "Scenic Acres", "population": 7850, "geonameid": "6141956", "province": "01"}, "geometry": {"type": "Point", "coordinates": [-114.22222, 51.11806]}}, {"type": "Feature", "properties": {"name": "Seafair", "population": 16070, "geonameid": "6142912", "province": "02"}, "geometry": {"type": "Point", "coordinates": [-123.18333, 49.15]}}, {"type": "Feature", "properties": {"name": "Sechelt", "population": 8832, "geonameid": "6143367", "province": "02"}, "geometry": {"type": "Point", "coordinates": [-123.75903, 49.47512]}}, {"type": "Feature", "properties": {"name": "Selkirk", "population": 10278, "geonameid": "6144054", "province": "03"}, "geometry": {"type": "Point", "coordinates": [-96.88452, 50.1436]}}, {"type": "Feature", "properties": {"name": "Sept-Îles", "population": 28534, "geonameid": "6144312", "province": "10"}, "geometry": {"type": "Point", "coordinates": [-66.38208, 50.20011]}}, {"type": "Feature", "properties": {"name": "Shaughnessy", "population": 8430, "geonameid": "6145421", "province": "02"}, "geometry": {"type": "Point", "coordinates": [-123.13333, 49.25]}}, {"type": "Feature", "properties": {"name": "Shawinigan", "population": 38211, "geonameid": "6145489", "province": "10"}, "geometry": {"type": "Point", "coordinates": [-72.74913, 46.56675]}}, {"type": "Feature", "properties": {"name": "Shawnessy", "population": 9055, "geonameid": "6145530", "province": "01"}, "geometry": {"type": "Point", "coordinates": [-114.08194, 50.90694]}}, {"type": "Feature", "properties": {"name": "Shediac", "population": 7535, "geonameid": "6145668", "province": "04"}, "geometry": {"type": "Point", "coordinates": [-64.54107, 46.21981]}}, {"type": "Feature", "properties": {"name": "Shelburne", "population": 8126, "geonameid": "6145890", "province": "08"}, "geometry": {"type": "Point", "coordinates": [-80.20408, 44.0787]}}, {"type": "Feature", "properties": {"name": "Sherbrooke", "population": 129447, "geonameid": "6146143", "province": "10"}, "geometry": {"type": "Point", "coordinates": [-71.89908, 45.40008]}}, {"type": "Feature", "properties": {"name": "Sherwood", "population": 7404, "geonameid": "6146252", "province": "09"}, "geometry": {"type": "Point", "coordinates": [-63.12839, 46.26822]}}, {"type": "Feature", "properties": {"name": "Sherwood-McCarthy", "population": 5660, "geonameid": "6146262", "province": "11"}, "geometry": {"type": "Point", "coordinates": [-104.68055, 50.49171]}}, {"type": "Feature", "properties": {"name": "Sherwood Park", "population": 70618, "geonameid": "6146279", "province": "01"}, "geometry": {"type": "Point", "coordinates": [-113.3187, 53.51684]}}, {"type": "Feature", "properties": {"name": "Sidney", "population": 12318, "geonameid": "6147439", "province": "02"}, "geometry": {"type": "Point", "coordinates": [-123.40262, 48.64964]}}, {"type": "Feature", "properties": {"name": "Signal Hill", "population": 13000, "geonameid": "6147512", "province": "01"}, "geometry": {"type": "Point", "coordinates": [-114.17361, 51.02361]}}, {"type": "Feature", "properties": {"name": "Silver Springs", "population": 8570, "geonameid": "6147908", "province": "01"}, "geometry": {"type": "Point", "coordinates": [-114.19155, 51.10417]}}, {"type": "Feature", "properties": {"name": "Silverwood Heights", "population": 10716, "geonameid": "6147942", "province": "11"}, "geometry": {"type": "Point", "coordinates": [-106.62005, 52.17977]}}, {"type": "Feature", "properties": {"name": "Simcoe", "population": 13922, "geonameid": "6147962", "province": "08"}, "geometry": {"type": "Point", "coordinates": [-80.29967, 42.8334]}}, {"type": "Feature", "properties": {"name": "Sioux Lookout", "population": 5839, "geonameid": "6148373", "province": "08"}, "geometry": {"type": "Point", "coordinates": [-91.92158, 50.09906]}}, {"type": "Feature", "properties": {"name": "Slave Lake", "population": 6836, "geonameid": "6149374", "province": "01"}, "geometry": {"type": "Point", "coordinates": [-114.76896, 55.28344]}}, {"type": "Feature", "properties": {"name": "Smithers", "population": 5351, "geonameid": "6149996", "province": "02"}, "geometry": {"type": "Point", "coordinates": [-127.17428, 54.78036]}}, {"type": "Feature", "properties": {"name": "Smiths Falls", "population": 8885, "geonameid": "6150174", "province": "08"}, "geometry": {"type": "Point", "coordinates": [-76.02333, 44.90452]}}, {"type": "Feature", "properties": {"name": "Somerset", "population": 8320, "geonameid": "6151196", "province": "01"}, "geometry": {"type": "Point", "coordinates": [-114.08611, 50.89583]}}, {"type": "Feature", "properties": {"name": "Sooke", "population": 15086, "geonameid": "6151264", "province": "02"}, "geometry": {"type": "Point", "coordinates": [-123.72762, 48.37463]}}, {"type": "Feature", "properties": {"name": "Sorel-Tracy", "population": 41629, "geonameid": "6151350", "province": "10"}, "geometry": {"type": "Point", "coordinates": [-73.11358, 46.04178]}}, {"type": "Feature", "properties": {"name": "South Cambie", "population": 7970, "geonameid": "6151770", "province": "02"}, "geometry": {"type": "Point", "coordinates": [-123.11667, 49.25]}}, {"type": "Feature", "properties": {"name": "South Huron", "population": 9982, "geonameid": "6152244", "province": "08"}, "geometry": {"type": "Point", "coordinates": [-81.51647, 43.31679]}}, {"type": "Feature", "properties": {"name": "South Slope", "population": 12782, "geonameid": "6152640", "province": "02"}, "geometry": {"type": "Point", "coordinates": [-123.0, 49.21667]}}, {"type": "Feature", "properties": {"name": "South Surrey", "population": 77170, "geonameid": "6152674", "province": "02"}, "geometry": {"type": "Point", "coordinates": [-122.79167, 49.05]}}, {"type": "Feature", "properties": {"name": "Southwood", "population": 6095, "geonameid": "6153013", "province": "01"}, "geometry": {"type": "Point", "coordinates": [-114.08495, 50.9561]}}, {"type": "Feature", "properties": {"name": "Spruce Grove", "population": 38985, "geonameid": "6154383", "province": "01"}, "geometry": {"type": "Point", "coordinates": [-113.91874, 53.53344]}}, {"type": "Feature", "properties": {"name": "Spryfield", "population": 10118, "geonameid": "6154544", "province": "07"}, "geometry": {"type": "Point", "coordinates": [-63.61771, 44.61163]}}, {"type": "Feature", "properties": {"name": "Squamish", "population": 23819, "geonameid": "6154636", "province": "02"}, "geometry": {"type": "Point", "coordinates": [-123.15631, 49.69925]}}, {"type": "Feature", "properties": {"name": "St. Albert", "population": 57719, "geonameid": "6155033", "province": "01"}, "geometry": {"type": "Point", "coordinates": [-113.63533, 53.63344]}}, {"type": "Feature", "properties": {"name": "Stanley Park", "population": 7181, "geonameid": "6155242", "province": "08"}, "geometry": {"type": "Point", "coordinates": [-80.44417, 43.44639]}}, {"type": "Feature", "properties": {"name": "St. Catharines", "population": 136803, "geonameid": "6155721", "province": "08"}, "geometry": {"type": "Point", "coordinates": [-79.24267, 43.17126]}}, {"type": "Feature", "properties": {"name": "Steeles", "population": 24623, "geonameid": "6155938", "province": "08"}, "geometry": {"type": "Point", "coordinates": [-79.33082, 43.81205]}}, {"type": "Feature", "properties": {"name": "Steinbach", "population": 15829, "geonameid": "6156102", "province": "03"}, "geometry": {"type": "Point", "coordinates": [-96.68451, 49.52579]}}, {"type": "Feature", "properties": {"name": "Stephenville", "population": 6540, "geonameid": "6156244", "province": "05"}, "geometry": {"type": "Point", "coordinates": [-58.5818, 48.55001]}}, {"type": "Feature", "properties": {"name": "Stettler", "population": 5494, "geonameid": "6156307", "province": "01"}, "geometry": {"type": "Point", "coordinates": [-112.71861, 52.31683]}}, {"type": "Feature", "properties": {"name": "Stittsville", "population": 40889, "geonameid": "6156855", "province": "08"}, "geometry": {"type": "Point", "coordinates": [-75.91606, 45.2501]}}, {"type": "Feature", "properties": {"name": "St. Marys", "population": 7386, "geonameid": "6157062", "province": "08"}, "geometry": {"type": "Point", "coordinates": [-81.13304, 43.25009]}}, {"type": "Feature", "properties": {"name": "Stoney Creek", "population": 76382, "geonameid": "6157390", "province": "08"}, "geometry": {"type": "Point", "coordinates": [-79.76633, 43.21681]}}, {"type": "Feature", "properties": {"name": "Stony Plain", "population": 17993, "geonameid": "6157536", "province": "01"}, "geometry": {"type": "Point", "coordinates": [-114.00205, 53.53343]}}, {"type": "Feature", "properties": {"name": "Stouffville", "population": 36753, "geonameid": "6157718", "province": "08"}, "geometry": {"type": "Point", "coordinates": [-79.2496, 43.96682]}}, {"type": "Feature", "properties": {"name": "St. Paul", "population": 5728, "geonameid": "6157795", "province": "01"}, "geometry": {"type": "Point", "coordinates": [-111.28507, 53.98347]}}, {"type": "Feature", "properties": {"name": "Stratford", "population": 10927, "geonameid": "6157974", "province": "09"}, "geometry": {"type": "Point", "coordinates": [-63.07948, 46.21792]}}, {"type": "Feature", "properties": {"name": "Stratford", "population": 31465, "geonameid": "6157977", "province": "08"}, "geometry": {"type": "Point", "coordinates": [-80.94972, 43.36679]}}, {"type": "Feature", "properties": {"name": "Strathcona", "population": 8984, "geonameid": "6157994", "province": "01"}, "geometry": {"type": "Point", "coordinates": [-113.48333, 53.52083]}}, {"type": "Feature", "properties": {"name": "Strathcona", "population": 12585, "geonameid": "6157995", "province": "02"}, "geometry": {"type": "Point", "coordinates": [-123.09117, 49.27655]}}, {"type": "Feature", "properties": {"name": "Strathmore", "population": 13592, "geonameid": "6158023", "province": "01"}, "geometry": {"type": "Point", "coordinates": [-113.38523, 51.05011]}}, {"type": "Feature", "properties": {"name": "Strathroy", "population": 23871, "geonameid": "6158027", "province": "08"}, "geometry": {"type": "Point", "coordinates": [-81.62232, 42.9551]}}, {"type": "Feature", "properties": {"name": "Strawberry Hill", "population": 41000, "geonameid": "6158070", "province": "02"}, "geometry": {"type": "Point", "coordinates": [-122.88333, 49.13333]}}, {"type": "Feature", "properties": {"name": "St. Thomas", "population": 38909, "geonameid": "6158357", "province": "08"}, "geometry": {"type": "Point", "coordinates": [-81.18038, 42.77361]}}, {"type": "Feature", "properties": {"name": "Sturgeon Falls", "population": 6939, "geonameid": "6158573", "province": "08"}, "geometry": {"type": "Point", "coordinates": [-79.91636, 46.36679]}}, {"type": "Feature", "properties": {"name": "Summerland", "population": 11615, "geonameid": "6159232", "province": "02"}, "geometry": {"type": "Point", "coordinates": [-119.66911, 49.59977]}}, {"type": "Feature", "properties": {"name": "Summerside", "population": 14829, "geonameid": "6159244", "province": "09"}, "geometry": {"type": "Point", "coordinates": [-63.78869, 46.3912]}}, {"type": "Feature", "properties": {"name": "Sundance", "population": 9590, "geonameid": "6159383", "province": "01"}, "geometry": {"type": "Point", "coordinates": [-114.03889, 50.9]}}, {"type": "Feature", "properties": {"name": "Sunshine Hills", "population": 9900, "geonameid": "6159756", "province": "02"}, "geometry": {"type": "Point", "coordinates": [-122.9, 49.11667]}}, {"type": "Feature", "properties": {"name": "Surrey", "population": 568322, "geonameid": "6159905", "province": "02"}, "geometry": {"type": "Point", "coordinates": [-122.82509, 49.10635]}}, {"type": "Feature", "properties": {"name": "Surrey Centre", "population": 11370, "geonameid": "6159907", "province": "02"}, "geometry": {"type": "Point", "coordinates": [-122.75, 49.11667]}}, {"type": "Feature", "properties": {"name": "Sussex", "population": 5298, "geonameid": "6159980", "province": "04"}, "geometry": {"type": "Point", "coordinates": [-65.50663, 45.72266]}}, {"type": "Feature", "properties": {"name": "Sutherland", "population": 5746, "geonameid": "6159999", "province": "11"}, "geometry": {"type": "Point", "coordinates": [-106.60402, 52.13899]}}, {"type": "Feature", "properties": {"name": "Swift Current", "population": 16604, "geonameid": "6160603", "province": "11"}, "geometry": {"type": "Point", "coordinates": [-107.80135, 50.28337]}}, {"type": "Feature", "properties": {"name": "Sylvan Lake", "population": 17477, "geonameid": "6160806", "province": "01"}, "geometry": {"type": "Point", "coordinates": [-114.08375, 52.311]}}, {"type": "Feature", "properties": {"name": "Taber", "population": 8163, "geonameid": "6160919", "province": "01"}, "geometry": {"type": "Point", "coordinates": [-112.14603, 49.78703]}}, {"type": "Feature", "properties": {"name": "Tam O'Shanter-Sullivan", "population": 27446, "geonameid": "6161443", "province": "08"}, "geometry": {"type": "Point", "coordinates": [-79.29502, 43.77977]}}, {"type": "Feature", "properties": {"name": "Taradale", "population": 17630, "geonameid": "6161637", "province": "01"}, "geometry": {"type": "Point", "coordinates": [-113.93681, 51.11829]}}, {"type": "Feature", "properties": {"name": "Tecumseh", "population": 23229, "geonameid": "6162416", "province": "08"}, "geometry": {"type": "Point", "coordinates": [-82.884, 42.316]}}, {"type": "Feature", "properties": {"name": "Temiskaming Shores", "population": 10442, "geonameid": "6162659", "province": "08"}, "geometry": {"type": "Point", "coordinates": [-79.71529, 47.49376]}}, {"type": "Feature", "properties": {"name": "Temple", "population": 10525, "geonameid": "6162676", "province": "01"}, "geometry": {"type": "Point", "coordinates": [-113.94711, 51.08811]}}, {"type": "Feature", "properties": {"name": "Templeton-Est", "population": 20000, "geonameid": "6162703", "province": "10"}, "geometry": {"type": "Point", "coordinates": [-75.58833, 45.49389]}}, {"type": "Feature", "properties": {"name": "Terrace", "population": 19443, "geonameid": "6162949", "province": "02"}, "geometry": {"type": "Point", "coordinates": [-128.60345, 54.51634]}}, {"type": "Feature", "properties": {"name": "Terrebonne", "population": 111575, "geonameid": "6163012", "province": "10"}, "geometry": {"type": "Point", "coordinates": [-73.64732, 45.70004]}}, {"type": "Feature", "properties": {"name": "The Beaches", "population": 21567, "geonameid": "6163363", "province": "08"}, "geometry": {"type": "Point", "coordinates": [-79.29539, 43.67372]}}, {"type": "Feature", "properties": {"name": "The Glebe", "population": 13055, "geonameid": "6163868", "province": "08"}, "geometry": {"type": "Point", "coordinates": [-75.69005, 45.40393]}}, {"type": "Feature", "properties": {"name": "The Pas", "population": 5513, "geonameid": "6164499", "province": "03"}, "geometry": {"type": "Point", "coordinates": [-101.24488, 53.82159]}}, {"type": "Feature", "properties": {"name": "Thompson", "population": 13678, "geonameid": "6165406", "province": "03"}, "geometry": {"type": "Point", "coordinates": [-97.85579, 55.7435]}}, {"type": "Feature", "properties": {"name": "Thompson", "population": 14955, "geonameid": "6165407", "province": "02"}, "geometry": {"type": "Point", "coordinates": [-123.16667, 49.16667]}}, {"type": "Feature", "properties": {"name": "Thorncliffe", "population": 8695, "geonameid": "6165645", "province": "01"}, "geometry": {"type": "Point", "coordinates": [-114.06667, 51.10278]}}, {"type": "Feature", "properties": {"name": "Thornhill", "population": 115292, "geonameid": "6165683", "province": "08"}, "geometry": {"type": "Point", "coordinates": [-79.4242, 43.815]}}, {"type": "Feature", "properties": {"name": "Thorold", "population": 18801, "geonameid": "6165719", "province": "08"}, "geometry": {"type": "Point", "coordinates": [-79.19958, 43.11682]}}, {"type": "Feature", "properties": {"name": "Thunder Bay", "population": 108843, "geonameid": "6166142", "province": "08"}, "geometry": {"type": "Point", "coordinates": [-89.25018, 48.38202]}}, {"type": "Feature", "properties": {"name": "Tillicum", "population": 10080, "geonameid": "6166563", "province": "02"}, "geometry": {"type": "Point", "coordinates": [-123.4, 48.45]}}, {"type": "Feature", "properties": {"name": "Tillsonburg", "population": 18615, "geonameid": "6166580", "province": "08"}, "geometry": {"type": "Point", "coordinates": [-80.72617, 42.85986]}}, {"type": "Feature", "properties": {"name": "Timberlea", "population": 5627, "geonameid": "6166694", "province": "07"}, "geometry": {"type": "Point", "coordinates": [-63.74625, 44.66239]}}, {"type": "Feature", "properties": {"name": "Timmins", "population": 41788, "geonameid": "6166739", "province": "08"}, "geometry": {"type": "Point", "coordinates": [-81.33312, 48.46686]}}, {"type": "Feature", "properties": {"name": "Torbay", "population": 7852, "geonameid": "6167817", "province": "05"}, "geometry": {"type": "Point", "coordinates": [-52.73135, 47.66659]}}, {"type": "Feature", "properties": {"name": "Toronto", "population": 2794356, "geonameid": "6167865", "province": "08"}, "geometry": {"type": "Point", "coordinates": [-79.39864, 43.70643]}}, {"type": "Feature", "properties": {"name": "Tottenham", "population": 5143, "geonameid": "6167983", "province": "08"}, "geometry": {"type": "Point", "coordinates": [-79.80553, 44.02437]}}, {"type": "Feature", "properties": {"name": "Trail", "population": 7920, "geonameid": "6168326", "province": "02"}, "geometry": {"type": "Point", "coordinates": [-117.70223, 49.09983]}}, {"type": "Feature", "properties": {"name": "Trois-Rivières", "population": 144472, "geonameid": "6169141", "province": "10"}, "geometry": {"type": "Point", "coordinates": [-72.5477, 46.34515]}}, {"type": "Feature", "properties": {"name": "Truro", "population": 12954, "geonameid": "6169587", "province": "07"}, "geometry": {"type": "Point", "coordinates": [-63.26538, 45.36685]}}, {"type": "Feature", "properties": {"name": "Tsawwassen", "population": 21588, "geonameid": "6169661", "province": "02"}, "geometry": {"type": "Point", "coordinates": [-123.08333, 49.01667]}}, {"type": "Feature", "properties": {"name": "Tuscany", "population": 19700, "geonameid": "6170682", "province": "01"}, "geometry": {"type": "Point", "coordinates": [-114.24494, 51.12432]}}, {"type": "Feature", "properties": {"name": "Tuxedo Park", "population": 5165, "geonameid": "6170765", "province": "01"}, "geometry": {"type": "Point", "coordinates": [-114.06023, 51.07463]}}, {"type": "Feature", "properties": {"name": "Uplands", "population": 5270, "geonameid": "6172094", "province": "11"}, "geometry": {"type": "Point", "coordinates": [-104.60583, 50.49337]}}, {"type": "Feature", "properties": {"name": "Uxbridge", "population": 21176, "geonameid": "6172932", "province": "08"}, "geometry": {"type": "Point", "coordinates": [-79.11628, 44.10012]}}, {"type": "Feature", "properties": {"name": "Val-David", "population": 5209, "geonameid": "6173001", "province": "10"}, "geometry": {"type": "Point", "coordinates": [-74.21592, 46.03338]}}, {"type": "Feature", "properties": {"name": "Val-des-Arbres", "population": 40974, "geonameid": "6173004", "province": "10"}, "geometry": {"type": "Point", "coordinates": [-73.67542, 45.59837]}}, {"type": "Feature", "properties": {"name": "Val-des-Monts", "population": 9539, "geonameid": "6173012", "province": "10"}, "geometry": {"type": "Point", "coordinates": [-75.66604, 45.6501]}}, {"type": "Feature", "properties": {"name": "Val-d'Or", "population": 25541, "geonameid": "6173017", "province": "10"}, "geometry": {"type": "Point", "coordinates": [-77.79737, 48.0974]}}, {"type": "Feature", "properties": {"name": "Valley Ridge", "population": 5365, "geonameid": "6173206", "province": "01"}, "geometry": {"type": "Point", "coordinates": [-114.25694, 51.09722]}}, {"type": "Feature", "properties": {"name": "Vancouver", "population": 662248, "geonameid": "6173331", "province": "02"}, "geometry": {"type": "Point", "coordinates": [-123.11934, 49.24966]}}, {"type": "Feature", "properties": {"name": "Vanier", "population": 17000, "geonameid": "6173404", "province": "08"}, "geometry": {"type": "Point", "coordinates": [-75.66498, 45.4399]}}, {"type": "Feature", "properties": {"name": "Varennes", "population": 20994, "geonameid": "6173508", "province": "10"}, "geometry": {"type": "Point", "coordinates": [-73.43246, 45.68338]}}, {"type": "Feature", "properties": {"name": "Varsity", "population": 12040, "geonameid": "6173534", "province": "01"}, "geometry": {"type": "Point", "coordinates": [-114.15556, 51.09167]}}, {"type": "Feature", "properties": {"name": "Vaudreuil-Dorion", "population": 25789, "geonameid": "6173570", "province": "10"}, "geometry": {"type": "Point", "coordinates": [-74.03251, 45.40008]}}, {"type": "Feature", "properties": {"name": "Vaughan", "population": 323103, "geonameid": "6173577", "province": "08"}, "geometry": {"type": "Point", "coordinates": [-79.49827, 43.8361]}}, {"type": "Feature", "properties": {"name": "Vedder Crossing", "population": 22620, "geonameid": "6173614", "province": "02"}, "geometry": {"type": "Point", "coordinates": [-121.96667, 49.1]}}, {"type": "Feature", "properties": {"name": "Vegreville", "population": 5708, "geonameid": "6173635", "province": "01"}, "geometry": {"type": "Point", "coordinates": [-112.05182, 53.50015]}}, {"type": "Feature", "properties": {"name": "Verdun", "population": 69229, "geonameid": "6173767", "province": "10"}, "geometry": {"type": "Point", "coordinates": [-73.57058, 45.46005]}}, {"type": "Feature", "properties": {"name": "Vernon", "population": 40116, "geonameid": "6173864", "province": "02"}, "geometry": {"type": "Point", "coordinates": [-119.27337, 50.26729]}}, {"type": "Feature", "properties": {"name": "Victoria", "population": 289625, "geonameid": "6174041", "province": "02"}, "geometry": {"type": "Point", "coordinates": [-123.35155, 48.4359]}}, {"type": "Feature", "properties": {"name": "Victoria-Fraserview", "population": 31065, "geonameid": "6174068", "province": "02"}, "geometry": {"type": "Point", "coordinates": [-123.06667, 49.21667]}}, {"type": "Feature", "properties": {"name": "Victoria Hills", "population": 10533, "geonameid": "6174080", "province": "08"}, "geometry": {"type": "Point", "coordinates": [-80.52086, 43.44072]}}, {"type": "Feature", "properties": {"name": "Victoriaville", "population": 34426, "geonameid": "6174151", "province": "10"}, "geometry": {"type": "Point", "coordinates": [-71.96579, 46.05007]}}, {"type": "Feature", "properties": {"name": "View Royal", "population": 11575, "geonameid": "6174232", "province": "02"}, "geometry": {"type": "Point", "coordinates": [-123.45261, 48.45793]}}, {"type": "Feature", "properties": {"name": "Viscount Alexander Park", "population": 5430, "geonameid": "6174516", "province": "08"}, "geometry": {"type": "Point", "coordinates": [-75.6312, 45.45273]}}, {"type": "Feature", "properties": {"name": "Wainwright", "population": 6270, "geonameid": "6175059", "province": "01"}, "geometry": {"type": "Point", "coordinates": [-110.85342, 52.83482]}}, {"type": "Feature", "properties": {"name": "Wallaceburg", "population": 10323, "geonameid": "6175411", "province": "08"}, "geometry": {"type": "Point", "coordinates": [-82.38853, 42.59303]}}, {"type": "Feature", "properties": {"name": "Warman", "population": 10961, "geonameid": "6176226", "province": "11"}, "geometry": {"type": "Point", "coordinates": [-106.56791, 52.31679]}}, {"type": "Feature", "properties": {"name": "Wasaga Beach", "population": 20675, "geonameid": "6176421", "province": "08"}, "geometry": {"type": "Point", "coordinates": [-80.01637, 44.5168]}}, {"type": "Feature", "properties": {"name": "Waterdown", "population": 24400, "geonameid": "6176722", "province": "08"}, "geometry": {"type": "Point", "coordinates": [-79.88293, 43.33341]}}, {"type": "Feature", "properties": {"name": "Waterloo", "population": 104986, "geonameid": "6176823", "province": "08"}, "geometry": {"type": "Point", "coordinates": [-80.51639, 43.4668]}}, {"type": "Feature", "properties": {"name": "Welland", "population": 52293, "geonameid": "6177869", "province": "08"}, "geometry": {"type": "Point", "coordinates": [-79.24958, 42.98342]}}, {"type": "Feature", "properties": {"name": "West End", "population": 47200, "geonameid": "6178582", "province": "02"}, "geometry": {"type": "Point", "coordinates": [-123.13333, 49.28333]}}, {"type": "Feature", "properties": {"name": "West Hill", "population": 27392, "geonameid": "6178999", "province": "08"}, "geometry": {"type": "Point", "coordinates": [-79.1795, 43.76737]}}, {"type": "Feature", "properties": {"name": "West Hillhurst", "population": 6635, "geonameid": "6179001", "province": "01"}, "geometry": {"type": "Point", "coordinates": [-114.12083, 51.05407]}}, {"type": "Feature", "properties": {"name": "Westmount", "population": 20494, "geonameid": "6179226", "province": "10"}, "geometry": {"type": "Point", "coordinates": [-73.59918, 45.48341]}}, {"type": "Feature", "properties": {"name": "Westmount", "population": 5900, "geonameid": "6179234", "province": "01"}, "geometry": {"type": "Point", "coordinates": [-113.54173, 53.55459]}}, {"type": "Feature", "properties": {"name": "West Nipissing", "population": 14583, "geonameid": "6179259", "province": "08"}, "geometry": {"type": "Point", "coordinates": [-79.92451, 46.37157]}}, {"type": "Feature", "properties": {"name": "Weston", "population": 17992, "geonameid": "6179268", "province": "08"}, "geometry": {"type": "Point", "coordinates": [-79.51513, 43.70359]}}, {"type": "Feature", "properties": {"name": "West Point Grey", "population": 13065, "geonameid": "6179343", "province": "02"}, "geometry": {"type": "Point", "coordinates": [-123.2, 49.26667]}}, {"type": "Feature", "properties": {"name": "Westsyde", "population": 10713, "geonameid": "6179515", "province": "02"}, "geometry": {"type": "Point", "coordinates": [-120.35, 50.76667]}}, {"type": "Feature", "properties": {"name": "Wetaskiwin", "population": 12594, "geonameid": "6179602", "province": "01"}, "geometry": {"type": "Point", "coordinates": [-113.36869, 52.96683]}}, {"type": "Feature", "properties": {"name": "Weyburn", "population": 10870, "geonameid": "6179652", "province": "11"}, "geometry": {"type": "Point", "coordinates": [-103.85109, 49.66675]}}, {"type": "Feature", "properties": {"name": "Whalley", "population": 102555, "geonameid": "6179830", "province": "02"}, "geometry": {"type": "Point", "coordinates": [-122.86667, 49.17917]}}, {"type": "Feature", "properties": {"name": "Whistler", "population": 8713, "geonameid": "6180144", "province": "02"}, "geometry": {"type": "Point", "coordinates": [-122.95396, 50.11817]}}, {"type": "Feature", "properties": {"name": "Whitby", "population": 138501, "geonameid": "6180170", "province": "08"}, "geometry": {"type": "Point", "coordinates": [-78.93287, 43.88342]}}, {"type": "Feature", "properties": {"name": "Whitchurch-Stouffville", "population": 49864, "geonameid": "6180176", "province": "08"}, "geometry": {"type": "Point", "coordinates": [-79.3163, 44.00012]}}, {"type": "Feature", "properties": {"name": "Whitecourt", "population": 8763, "geonameid": "6180285", "province": "01"}, "geometry": {"type": "Point", "coordinates": [-115.68548, 54.15015]}}, {"type": "Feature", "properties": {"name": "Whitehorn", "population": 11085, "geonameid": "6180542", "province": "01"}, "geometry": {"type": "Point", "coordinates": [-113.96667, 51.08333]}}, {"type": "Feature", "properties": {"name": "Whitehorse", "population": 28201, "geonameid": "6180550", "province": "12"}, "geometry": {"type": "Point", "coordinates": [-135.05375, 60.71611]}}, {"type": "Feature", "properties": {"name": "White Rock", "population": 23670, "geonameid": "6180961", "province": "02"}, "geometry": {"type": "Point", "coordinates": [-122.79507, 49.02049]}}, {"type": "Feature", "properties": {"name": "Whitmore Park", "population": 6600, "geonameid": "6181279", "province": "11"}, "geometry": {"type": "Point", "coordinates": [-104.60666, 50.40421]}}, {"type": "Feature", "properties": {"name": "Wildwood", "population": 8337, "geonameid": "6181933", "province": "11"}, "geometry": {"type": "Point", "coordinates": [-106.5945, 52.10976]}}, {"type": "Feature", "properties": {"name": "Williams Lake", "population": 14168, "geonameid": "6182212", "province": "02"}, "geometry": {"type": "Point", "coordinates": [-122.14451, 52.14153]}}, {"type": "Feature", "properties": {"name": "Willingdon Heights", "population": 12443, "geonameid": "6182306", "province": "02"}, "geometry": {"type": "Point", "coordinates": [-123.00833, 49.275]}}, {"type": "Feature", "properties": {"name": "Willow Park", "population": 5050, "geonameid": "6182480", "province": "01"}, "geometry": {"type": "Point", "coordinates": [-114.05556, 50.95556]}}, {"type": "Feature", "properties": {"name": "Windsor", "population": 5408, "geonameid": "6182959", "province": "10"}, "geometry": {"type": "Point", "coordinates": [-71.99909, 45.56678]}}, {"type": "Feature", "properties": {"name": "Windsor", "population": 229660, "geonameid": "6182962", "province": "08"}, "geometry": {"type": "Point", "coordinates": [-83.01654, 42.30008]}}, {"type": "Feature", "properties": {"name": "Winkler", "population": 12660, "geonameid": "6183204", "province": "03"}, "geometry": {"type": "Point", "coordinates": [-97.94104, 49.1817]}}, {"type": "Feature", "properties": {"name": "Winnipeg", "population": 749607, "geonameid": "6183235", "province": "03"}, "geometry": {"type": "Point", "coordinates": [-97.14704, 49.8844]}}, {"type": "Feature", "properties": {"name": "Woburn", "population": 53485, "geonameid": "6183590", "province": "08"}, "geometry": {"type": "Point", "coordinates": [-79.22773, 43.76657]}}, {"type": "Feature", "properties": {"name": "Woodbine", "population": 8745, "geonameid": "6184001", "province": "01"}, "geometry": {"type": "Point", "coordinates": [-114.12917, 50.9375]}}, {"type": "Feature", "properties": {"name": "Woodlands", "population": 5830, "geonameid": "6184200", "province": "01"}, "geometry": {"type": "Point", "coordinates": [-114.10833, 50.94167]}}, {"type": "Feature", "properties": {"name": "Woodlawn", "population": 20000, "geonameid": "6184206", "province": "07"}, "geometry": {"type": "Point", "coordinates": [-63.52733, 44.67747]}}, {"type": "Feature", "properties": {"name": "Woodside", "population": 8348, "geonameid": "6184316", "province": "07"}, "geometry": {"type": "Point", "coordinates": [-63.54869, 44.65015]}}, {"type": "Feature", "properties": {"name": "Woodstock", "population": 5553, "geonameid": "6184364", "province": "04"}, "geometry": {"type": "Point", "coordinates": [-67.58377, 46.15796]}}, {"type": "Feature", "properties": {"name": "Woodstock", "population": 40404, "geonameid": "6184365", "province": "08"}, "geometry": {"type": "Point", "coordinates": [-80.7497, 43.13339]}}, {"type": "Feature", "properties": {"name": "Wychwood", "population": 14349, "geonameid": "6184938", "province": "08"}, "geometry": {"type": "Point", "coordinates": [-79.4218, 43.67757]}}, {"type": "Feature", "properties": {"name": "Yarmouth", "population": 6829, "geonameid": "6185217", "province": "07"}, "geometry": {"type": "Point", "coordinates": [-66.11557, 43.83345]}}, {"type": "Feature", "properties": {"name": "Yellowknife", "population": 20340, "geonameid": "6185377", "province": "13"}, "geometry": {"type": "Point", "coordinates": [-114.37248, 62.45411]}}, {"type": "Feature", "properties": {"name": "Yennadon", "population": 7116, "geonameid": "6185449", "province": "02"}, "geometry": {"type": "Point", "coordinates": [-122.5859, 49.23297]}}, {"type": "Feature", "properties": {"name": "Yorkton", "population": 16343, "geonameid": "6185607", "province": "11"}, "geometry": {"type": "Point", "coordinates": [-102.46766, 51.2167]}}, {"type": "Feature", "properties": {"name": "Beauceville", "population": 6354, "geonameid": "6295855", "province": "10"}, "geometry": {"type": "Point", "coordinates": [-70.77873, 46.21785]}}, {"type": "Feature", "properties": {"name": "Halifax", "population": 471559, "geonameid": "6324729", "province": "07"}, "geometry": {"type": "Point", "coordinates": [-63.57688, 44.64269]}}, {"type": "Feature", "properties": {"name": "St. John's", "population": 110525, "geonameid": "6324733", "province": "05"}, "geometry": {"type": "Point", "coordinates": [-52.70931, 47.56494]}}, {"type": "Feature", "properties": {"name": "Beauport", "population": 81425, "geonameid": "6325478", "province": "10"}, "geometry": {"type": "Point", "coordinates": [-71.19201, 46.85884]}}, {"type": "Feature", "properties": {"name": "Charlesbourg", "population": 82870, "geonameid": "6325485", "province": "10"}, "geometry": {"type": "Point", "coordinates": [-71.305, 46.899]}}, {"type": "Feature", "properties": {"name": "Sainte-Foy", "population": 111300, "geonameid": "6325488", "province": "10"}, "geometry": {"type": "Point", "coordinates": [-71.29217, 46.78139]}}, {"type": "Feature", "properties": {"name": "Québec", "population": 531902, "geonameid": "6325494", "province": "10"}, "geometry": {"type": "Point", "coordinates": [-71.21454, 46.81228]}}, {"type": "Feature", "properties": {"name": "Lévis", "population": 143414, "geonameid": "6325521", "province": "10"}, "geometry": {"type": "Point", "coordinates": [-71.17793, 46.80326]}}, {"type": "Feature", "properties": {"name": "Montmagny", "population": 11724, "geonameid": "6325529", "province": "10"}, "geometry": {"type": "Point", "coordinates": [-70.55493, 46.98043]}}, {"type": "Feature", "properties": {"name": "Rimouski", "population": 42240, "geonameid": "6354895", "province": "10"}, "geometry": {"type": "Point", "coordinates": [-68.52396, 48.44879]}}, {"type": "Feature", "properties": {"name": "Rivière-du-Loup", "population": 18586, "geonameid": "6354897", "province": "10"}, "geometry": {"type": "Point", "coordinates": [-69.54243, 47.82699]}}, {"type": "Feature", "properties": {"name": "Sydney", "population": 105968, "geonameid": "6354908", "province": "07"}, "geometry": {"type": "Point", "coordinates": [-60.1831, 46.1351]}}, {"type": "Feature", "properties": {"name": "Aylmer", "population": 56542, "geonameid": "6354934", "province": "10"}, "geometry": {"type": "Point", "coordinates": [-75.80644, 45.4002]}}, {"type": "Feature", "properties": {"name": "L'Ancienne-Lorette", "population": 16516, "geonameid": "6534203", "province": "10"}, "geometry": {"type": "Point", "coordinates": [-71.35191, 46.79392]}}, {"type": "Feature", "properties": {"name": "Edmundston", "population": 16580, "geonameid": "6545023", "province": "04"}, "geometry": {"type": "Point", "coordinates": [-68.32512, 47.3737]}}, {"type": "Feature", "properties": {"name": "Saint-Georges", "population": 31173, "geonameid": "6620953", "province": "10"}, "geometry": {"type": "Point", "coordinates": [-70.66526, 46.11353]}}, {"type": "Feature", "properties": {"name": "Grand Falls", "population": 5220, "geonameid": "6621033", "province": "04"}, "geometry": {"type": "Point", "coordinates": [-67.74179, 47.04609]}}, {"type": "Feature", "properties": {"name": "La Baie", "population": 18036, "geonameid": "6621036", "province": "10"}, "geometry": {"type": "Point", "coordinates": [-70.88928, 48.33982]}}, {"type": "Feature", "properties": {"name": "Sainte Catherine de la Jacques Cartier", "population": 5021, "geonameid": "6639619", "province": "10"}, "geometry": {"type": "Point", "coordinates": [-71.62056, 46.85244]}}, {"type": "Feature", "properties": {"name": "Baie-Saint-Paul", "population": 7146, "geonameid": "6690232", "province": "10"}, "geometry": {"type": "Point", "coordinates": [-70.49858, 47.44109]}}, {"type": "Feature", "properties": {"name": "Boischatel", "population": 8231, "geonameid": "6695248", "province": "10"}, "geometry": {"type": "Point", "coordinates": [-71.1448, 46.89434]}}, {"type": "Feature", "properties": {"name": "Campbellton", "population": 6883, "geonameid": "6696258", "province": "04"}, "geometry": {"type": "Point", "coordinates": [-66.67272, 48.00751]}}, {"type": "Feature", "properties": {"name": "Bathurst", "population": 11897, "geonameid": "6696259", "province": "04"}, "geometry": {"type": "Point", "coordinates": [-65.65112, 47.61814]}}, {"type": "Feature", "properties": {"name": "Matane", "population": 14812, "geonameid": "6696260", "province": "10"}, "geometry": {"type": "Point", "coordinates": [-67.52197, 48.82857]}}, {"type": "Feature", "properties": {"name": "Paris", "population": 12310, "geonameid": "6942553", "province": "08"}, "geometry": {"type": "Point", "coordinates": [-80.38333, 43.2]}}, {"type": "Feature", "properties": {"name": "Hull", "population": 63702, "geonameid": "6942644", "province": "10"}, "geometry": {"type": "Point", "coordinates": [-75.71056, 45.42761]}}, {"type": "Feature", "properties": {"name": "Buckingham", "population": 16685, "geonameid": "6942645", "province": "10"}, "geometry": {"type": "Point", "coordinates": [-75.4208, 45.58563]}}, {"type": "Feature", "properties": {"name": "Amqui", "population": 6261, "geonameid": "6943488", "province": "10"}, "geometry": {"type": "Point", "coordinates": [-67.43134, 48.46382]}}, {"type": "Feature", "properties": {"name": "Chandler", "population": 7914, "geonameid": "6943811", "province": "10"}, "geometry": {"type": "Point", "coordinates": [-64.67926, 48.34935]}}, {"type": "Feature", "properties": {"name": "Thetford-Mines", "population": 25704, "geonameid": "6943827", "province": "10"}, "geometry": {"type": "Point", "coordinates": [-71.30539, 46.09371]}}, {"type": "Feature", "properties": {"name": "Mont-Joli", "population": 6568, "geonameid": "6944113", "province": "10"}, "geometry": {"type": "Point", "coordinates": [-68.19214, 48.58388]}}, {"type": "Feature", "properties": {"name": "La Malbaie", "population": 8959, "geonameid": "6945986", "province": "10"}, "geometry": {"type": "Point", "coordinates": [-70.15268, 47.654]}}, {"type": "Feature", "properties": {"name": "Sainte-Marie", "population": 13565, "geonameid": "6945989", "province": "10"}, "geometry": {"type": "Point", "coordinates": [-71.01168, 46.43401]}}, {"type": "Feature", "properties": {"name": "Plessisville", "population": 6677, "geonameid": "6945991", "province": "10"}, "geometry": {"type": "Point", "coordinates": [-71.76201, 46.21856]}}, {"type": "Feature", "properties": {"name": "Cole Harbour", "population": 19096, "geonameid": "7280414", "province": "07"}, "geometry": {"type": "Point", "coordinates": [-63.47506, 44.67244]}}, {"type": "Feature", "properties": {"name": "West Kelowna", "population": 28793, "geonameid": "7281936", "province": "02"}, "geometry": {"type": "Point", "coordinates": [-119.58333, 49.8625]}}, {"type": "Feature", "properties": {"name": "Sydney Mines", "population": 12353, "geonameid": "7303783", "province": "07"}, "geometry": {"type": "Point", "coordinates": [-60.21767, 46.23669]}}, {"type": "Feature", "properties": {"name": "Jonquière", "population": 54842, "geonameid": "7303786", "province": "10"}, "geometry": {"type": "Point", "coordinates": [-71.24884, 48.41648]}}, {"type": "Feature", "properties": {"name": "Port Perry", "population": 9553, "geonameid": "7499201", "province": "08"}, "geometry": {"type": "Point", "coordinates": [-78.94441, 44.10676]}}, {"type": "Feature", "properties": {"name": "Saint-Augustin-de-Desmaures", "population": 17281, "geonameid": "7535681", "province": "10"}, "geometry": {"type": "Point", "coordinates": [-71.45131, 46.74064]}}, {"type": "Feature", "properties": {"name": "Donnacona", "population": 7200, "geonameid": "7535690", "province": "10"}, "geometry": {"type": "Point", "coordinates": [-71.7239, 46.68042]}}, {"type": "Feature", "properties": {"name": "Saint-Joseph-de-Beauce", "population": 5014, "geonameid": "7535693", "province": "10"}, "geometry": {"type": "Point", "coordinates": [-70.86667, 46.3]}}, {"type": "Feature", "properties": {"name": "Ladner", "population": 23016, "geonameid": "7602078", "province": "02"}, "geometry": {"type": "Point", "coordinates": [-123.08241, 49.08938]}}, {"type": "Feature", "properties": {"name": "Steveston", "population": 25220, "geonameid": "7602285", "province": "02"}, "geometry": {"type": "Point", "coordinates": [-123.18137, 49.12714]}}, {"type": "Feature", "properties": {"name": "Downtown", "population": 12423, "geonameid": "7626795", "province": "01"}, "geometry": {"type": "Point", "coordinates": [-113.49907, 53.54021]}}, {"type": "Feature", "properties": {"name": "Hollick-Kenyon", "population": 5189, "geonameid": "7626862", "province": "01"}, "geometry": {"type": "Point", "coordinates": [-113.42465, 53.62209]}}, {"type": "Feature", "properties": {"name": "Brintnell", "population": 5178, "geonameid": "7626863", "province": "01"}, "geometry": {"type": "Point", "coordinates": [-113.40757, 53.62077]}}, {"type": "Feature", "properties": {"name": "Cumberland", "population": 6411, "geonameid": "7626874", "province": "01"}, "geometry": {"type": "Point", "coordinates": [-113.5534, 53.61094]}}, {"type": "Feature", "properties": {"name": "Promontory", "population": 11820, "geonameid": "7669009", "province": "02"}, "geometry": {"type": "Point", "coordinates": [-121.9352, 49.10354]}}, {"type": "Feature", "properties": {"name": "Walnut Grove", "population": 25683, "geonameid": "7669012", "province": "02"}, "geometry": {"type": "Point", "coordinates": [-122.64042, 49.16473]}}, {"type": "Feature", "properties": {"name": "Aldergrove", "population": 12363, "geonameid": "7669018", "province": "02"}, "geometry": {"type": "Point", "coordinates": [-122.47087, 49.05801]}}, {"type": "Feature", "properties": {"name": "Willoughby", "population": 31305, "geonameid": "7669020", "province": "02"}, "geometry": {"type": "Point", "coordinates": [-122.67995, 49.12624]}}, {"type": "Feature", "properties": {"name": "Norway House", "population": 5753, "geonameid": "7732488", "province": "03"}, "geometry": {"type": "Point", "coordinates": [-97.83265, 53.98214]}}, {"type": "Feature", "properties": {"name": "Evanston", "population": 18710, "geonameid": "7839094", "province": "01"}, "geometry": {"type": "Point", "coordinates": [-114.12297, 51.16398]}}, {"type": "Feature", "properties": {"name": "Moss Park", "population": 20506, "geonameid": "7870782", "province": "08"}, "geometry": {"type": "Point", "coordinates": [-79.37153, 43.65498]}}, {"type": "Feature", "properties": {"name": "Casa Loma", "population": 10968, "geonameid": "7870864", "province": "08"}, "geometry": {"type": "Point", "coordinates": [-79.41248, 43.68345]}}, {"type": "Feature", "properties": {"name": "Erin Woods", "population": 6790, "geonameid": "7870881", "province": "01"}, "geometry": {"type": "Point", "coordinates": [-113.96985, 51.02061]}}, {"type": "Feature", "properties": {"name": "High Park North", "population": 22162, "geonameid": "7870882", "province": "08"}, "geometry": {"type": "Point", "coordinates": [-79.47454, 43.65626]}}, {"type": "Feature", "properties": {"name": "Cranston", "population": 20850, "geonameid": "7870883", "province": "01"}, "geometry": {"type": "Point", "coordinates": [-113.98144, 50.88852]}}, {"type": "Feature", "properties": {"name": "Auburn Bay", "population": 18090, "geonameid": "7870884", "province": "01"}, "geometry": {"type": "Point", "coordinates": [-113.95929, 50.88787]}}, {"type": "Feature", "properties": {"name": "Beltline", "population": 25880, "geonameid": "7870890", "province": "01"}, "geometry": {"type": "Point", "coordinates": [-114.07087, 51.03951]}}, {"type": "Feature", "properties": {"name": "Roncesvalles", "population": 14974, "geonameid": "7870895", "province": "08"}, "geometry": {"type": "Point", "coordinates": [-79.45016, 43.64887]}}, {"type": "Feature", "properties": {"name": "Springbank Hill", "population": 9840, "geonameid": "7870898", "province": "01"}, "geometry": {"type": "Point", "coordinates": [-114.19481, 51.03254]}}, {"type": "Feature", "properties": {"name": "Aspen Woods", "population": 9435, "geonameid": "7870899", "province": "01"}, "geometry": {"type": "Point", "coordinates": [-114.19275, 51.0428]}}, {"type": "Feature", "properties": {"name": "Kincora", "population": 7030, "geonameid": "7870902", "province": "01"}, "geometry": {"type": "Point", "coordinates": [-114.1337, 51.15943]}}, {"type": "Feature", "properties": {"name": "Dufferin Grove", "population": 11785, "geonameid": "7870910", "province": "08"}, "geometry": {"type": "Point", "coordinates": [-79.42793, 43.65766]}}, {"type": "Feature", "properties": {"name": "Little Portugal", "population": 15559, "geonameid": "7870917", "province": "08"}, "geometry": {"type": "Point", "coordinates": [-79.42956, 43.64663]}}, {"type": "Feature", "properties": {"name": "Niagara", "population": 31180, "geonameid": "7870919", "province": "08"}, "geometry": {"type": "Point", "coordinates": [-79.40712, 43.64455]}}, {"type": "Feature", "properties": {"name": "Trinity-Bellwoods", "population": 16556, "geonameid": "7870920", "province": "08"}, "geometry": {"type": "Point", "coordinates": [-79.40849, 43.64791]}}, {"type": "Feature", "properties": {"name": "Long Branch", "population": 10084, "geonameid": "7871302", "province": "08"}, "geometry": {"type": "Point", "coordinates": [-79.53252, 43.5914]}}, {"type": "Feature", "properties": {"name": "Morningside", "population": 17455, "geonameid": "7871306", "province": "08"}, "geometry": {"type": "Point", "coordinates": [-79.20636, 43.78727]}}, {"type": "Feature", "properties": {"name": "Eglinton East", "population": 22776, "geonameid": "7871311", "province": "08"}, "geometry": {"type": "Point", "coordinates": [-79.24576, 43.73917]}}, {"type": "Feature", "properties": {"name": "Woodbine Corridor", "population": 12541, "geonameid": "7871312", "province": "08"}, "geometry": {"type": "Point", "coordinates": [-79.31571, 43.67836]}}, {"type": "Feature", "properties": {"name": "Greenwood-Coxwell", "population": 14417, "geonameid": "7871313", "province": "08"}, "geometry": {"type": "Point", "coordinates": [-79.32661, 43.68035]}}, {"type": "Feature", "properties": {"name": "Woodbine-Lumsden", "population": 7865, "geonameid": "7871314", "province": "08"}, "geometry": {"type": "Point", "coordinates": [-79.3097, 43.69214]}}, {"type": "Feature", "properties": {"name": "Pleasant View", "population": 15818, "geonameid": "7871317", "province": "08"}, "geometry": {"type": "Point", "coordinates": [-79.33502, 43.78609]}}, {"type": "Feature", "properties": {"name": "Fergus", "population": 20767, "geonameid": "7871320", "province": "08"}, "geometry": {"type": "Point", "coordinates": [-80.37761, 43.70604]}}, {"type": "Feature", "properties": {"name": "New Brighton", "population": 12885, "geonameid": "7871388", "province": "01"}, "geometry": {"type": "Point", "coordinates": [-113.94505, 50.92046]}}, {"type": "Feature", "properties": {"name": "Almonte", "population": 5039, "geonameid": "8125781", "province": "08"}, "geometry": {"type": "Point", "coordinates": [-76.19585, 45.22993]}}, {"type": "Feature", "properties": {"name": "Breakeyville", "population": 5000, "geonameid": "8131396", "province": "10"}, "geometry": {"type": "Point", "coordinates": [-71.22327, 46.68037]}}, {"type": "Feature", "properties": {"name": "Ancaster", "population": 40557, "geonameid": "8285452", "province": "08"}, "geometry": {"type": "Point", "coordinates": [-79.98716, 43.21806]}}, {"type": "Feature", "properties": {"name": "Shannon", "population": 5086, "geonameid": "8354533", "province": "10"}, "geometry": {"type": "Point", "coordinates": [-71.51464, 46.88026]}}, {"type": "Feature", "properties": {"name": "Saint-Henri", "population": 5023, "geonameid": "8354586", "province": "10"}, "geometry": {"type": "Point", "coordinates": [-71.06927, 46.69314]}}, {"type": "Feature", "properties": {"name": "Pont-Rouge", "population": 8723, "geonameid": "8379100", "province": "10"}, "geometry": {"type": "Point", "coordinates": [-71.69566, 46.75468]}}, {"type": "Feature", "properties": {"name": "Princeville", "population": 5693, "geonameid": "8379101", "province": "10"}, "geometry": {"type": "Point", "coordinates": [-71.87462, 46.17163]}}, {"type": "Feature", "properties": {"name": "Nanoose Bay", "population": 6540, "geonameid": "8504652", "province": "02"}, "geometry": {"type": "Point", "coordinates": [-124.19332, 49.27237]}}, {"type": "Feature", "properties": {"name": "West Vancouver", "population": 45487, "geonameid": "8533869", "province": "02"}, "geometry": {"type": "Point", "coordinates": [-123.16019, 49.3286]}}, {"type": "Feature", "properties": {"name": "Orléans", "population": 125937, "geonameid": "8556295", "province": "08"}, "geometry": {"type": "Point", "coordinates": [-75.50433, 45.45732]}}, {"type": "Feature", "properties": {"name": "Willowdale", "population": 79440, "geonameid": "8558534", "province": "08"}, "geometry": {"type": "Point", "coordinates": [-79.39909, 43.76672]}}, {"type": "Feature", "properties": {"name": "Saint-Raymond", "population": 11108, "geonameid": "8593826", "province": "10"}, "geometry": {"type": "Point", "coordinates": [-71.83415, 46.8901]}}, {"type": "Feature", "properties": {"name": "Saint-Apollinaire", "population": 7968, "geonameid": "8604651", "province": "10"}, "geometry": {"type": "Point", "coordinates": [-71.51258, 46.61289]}}, {"type": "Feature", "properties": {"name": "Embrun", "population": 8680, "geonameid": "8617396", "province": "08"}, "geometry": {"type": "Point", "coordinates": [-75.27266, 45.27573]}}, {"type": "Feature", "properties": {"name": "Saint Romuald", "population": 11663, "geonameid": "8740846", "province": "10"}, "geometry": {"type": "Point", "coordinates": [-71.23921, 46.75818]}}, {"type": "Feature", "properties": {"name": "Lower Sackville", "population": 51749, "geonameid": "10287505", "province": "07"}, "geometry": {"type": "Point", "coordinates": [-63.67865, 44.77599]}}, {"type": "Feature", "properties": {"name": "Le Plateau", "population": 15000, "geonameid": "10627796", "province": "10"}, "geometry": {"type": "Point", "coordinates": [-75.7803, 45.43514]}}, {"type": "Feature", "properties": {"name": "Wild Rose", "population": 8031, "geonameid": "11203927", "province": "01"}, "geometry": {"type": "Point", "coordinates": [-113.38119, 53.4708]}}, {"type": "Feature", "properties": {"name": "Silver Berry", "population": 8089, "geonameid": "11203928", "province": "01"}, "geometry": {"type": "Point", "coordinates": [-113.3817, 53.45787]}}, {"type": "Feature", "properties": {"name": "Saint-Roch-de-l'Achigan", "population": 5453, "geonameid": "11696024", "province": "10"}, "geometry": {"type": "Point", "coordinates": [-73.58959, 45.85921]}}, {"type": "Feature", "properties": {"name": "Aldergrove", "population": 5304, "geonameid": "11791080", "province": "01"}, "geometry": {"type": "Point", "coordinates": [-113.64116, 53.51679]}}, {"type": "Feature", "properties": {"name": "Lymburn", "population": 5914, "geonameid": "11791088", "province": "01"}, "geometry": {"type": "Point", "coordinates": [-113.64216, 53.50754]}}, {"type": "Feature", "properties": {"name": "Rutherford", "population": 8407, "geonameid": "11791098", "province": "01"}, "geometry": {"type": "Point", "coordinates": [-113.52989, 53.41833]}}, {"type": "Feature", "properties": {"name": "Ambleside", "population": 6173, "geonameid": "11791100", "province": "01"}, "geometry": {"type": "Point", "coordinates": [-113.59916, 53.42994]}}, {"type": "Feature", "properties": {"name": "MacEwan", "population": 5618, "geonameid": "11791108", "province": "01"}, "geometry": {"type": "Point", "coordinates": [-113.5274, 53.42845]}}, {"type": "Feature", "properties": {"name": "Kiniski Gardens", "population": 6637, "geonameid": "11791122", "province": "01"}, "geometry": {"type": "Point", "coordinates": [-113.40121, 53.47503]}}, {"type": "Feature", "properties": {"name": "The Hamptons", "population": 9405, "geonameid": "11791130", "province": "01"}, "geometry": {"type": "Point", "coordinates": [-113.67565, 53.48802]}}, {"type": "Feature", "properties": {"name": "Glastonbury", "population": 5991, "geonameid": "11791159", "province": "01"}, "geometry": {"type": "Point", "coordinates": [-113.66985, 53.50332]}}, {"type": "Feature", "properties": {"name": "Twin Brooks", "population": 6435, "geonameid": "11791188", "province": "01"}, "geometry": {"type": "Point", "coordinates": [-113.53038, 53.44272]}}, {"type": "Feature", "properties": {"name": "South Terwillegar", "population": 7532, "geonameid": "11791192", "province": "01"}, "geometry": {"type": "Point", "coordinates": [-113.57893, 53.44006]}}, {"type": "Feature", "properties": {"name": "Summerside", "population": 7976, "geonameid": "11791204", "province": "01"}, "geometry": {"type": "Point", "coordinates": [-113.46108, 53.41726]}}, {"type": "Feature", "properties": {"name": "Terwillegar Towne", "population": 6627, "geonameid": "11791206", "province": "01"}, "geometry": {"type": "Point", "coordinates": [-113.57843, 53.44984]}}, {"type": "Feature", "properties": {"name": "Allard", "population": 6847, "geonameid": "11791217", "province": "01"}, "geometry": {"type": "Point", "coordinates": [-113.52655, 53.40019]}}, {"type": "Feature", "properties": {"name": "Sage Hill", "population": 9345, "geonameid": "11791702", "province": "01"}, "geometry": {"type": "Point", "coordinates": [-114.14111, 51.17592]}}, {"type": "Feature", "properties": {"name": "Cougar Ridge", "population": 7150, "geonameid": "11791705", "province": "01"}, "geometry": {"type": "Point", "coordinates": [-114.20842, 51.07113]}}, {"type": "Feature", "properties": {"name": "Walden", "population": 7650, "geonameid": "11791711", "province": "01"}, "geometry": {"type": "Point", "coordinates": [-114.02584, 50.86973]}}, {"type": "Feature", "properties": {"name": "Sherwood", "population": 6520, "geonameid": "11791723", "province": "01"}, "geometry": {"type": "Point", "coordinates": [-114.15318, 51.1595]}}, {"type": "Feature", "properties": {"name": "Downtown Commercial Core", "population": 8225, "geonameid": "11791726", "province": "01"}, "geometry": {"type": "Point", "coordinates": [-114.06996, 51.0472]}}, {"type": "Feature", "properties": {"name": "Nolan Hill", "population": 8755, "geonameid": "11791728", "province": "01"}, "geometry": {"type": "Point", "coordinates": [-114.16552, 51.17551]}}, {"type": "Feature", "properties": {"name": "Copperfield", "population": 14095, "geonameid": "11791741", "province": "01"}, "geometry": {"type": "Point", "coordinates": [-113.92703, 50.91517]}}, {"type": "Feature", "properties": {"name": "Redstone", "population": 9050, "geonameid": "11791742", "province": "01"}, "geometry": {"type": "Point", "coordinates": [-113.95777, 51.17048]}}, {"type": "Feature", "properties": {"name": "Legacy", "population": 8000, "geonameid": "11791754", "province": "01"}, "geometry": {"type": "Point", "coordinates": [-114.00486, 50.85603]}}, {"type": "Feature", "properties": {"name": "Skyview Ranch", "population": 12870, "geonameid": "11791756", "province": "01"}, "geometry": {"type": "Point", "coordinates": [-113.95714, 51.15849]}}, {"type": "Feature", "properties": {"name": "Abbeydale", "population": 5925, "geonameid": "11791766", "province": "01"}, "geometry": {"type": "Point", "coordinates": [-113.92857, 51.0593]}}, {"type": "Feature", "properties": {"name": "Albert Park/Radisson Heights", "population": 6740, "geonameid": "11791770", "province": "01"}, "geometry": {"type": "Point", "coordinates": [-113.99584, 51.04294]}}, {"type": "Feature", "properties": {"name": "Silverado", "population": 7975, "geonameid": "11791775", "province": "01"}, "geometry": {"type": "Point", "coordinates": [-114.07174, 50.88479]}}, {"type": "Feature", "properties": {"name": "Mahogany", "population": 13860, "geonameid": "11791779", "province": "01"}, "geometry": {"type": "Point", "coordinates": [-113.92487, 50.89608]}}, {"type": "Feature", "properties": {"name": "La Haute-Saint-Charles", "population": 88460, "geonameid": "11838435", "province": "10"}, "geometry": {"type": "Point", "coordinates": [-71.37222, 46.89028]}}, {"type": "Feature", "properties": {"name": "Neufchâtel-Est–Lebourgneuf", "population": 37540, "geonameid": "11838437", "province": "10"}, "geometry": {"type": "Point", "coordinates": [-71.34191, 46.85436]}}, {"type": "Feature", "properties": {"name": "Downtown Vancouver", "population": 62030, "geonameid": "12022702", "province": "02"}, "geometry": {"type": "Point", "coordinates": [-123.11935, 49.28277]}}, {"type": "Feature", "properties": {"name": "Coal Harbour", "population": 10441, "geonameid": "12022703", "province": "02"}, "geometry": {"type": "Point", "coordinates": [-123.1232, 49.28977]}}, {"type": "Feature", "properties": {"name": "Yaletown", "population": 14583, "geonameid": "12022713", "province": "02"}, "geometry": {"type": "Point", "coordinates": [-123.11772, 49.27608]}}, {"type": "Feature", "properties": {"name": "Chinatown", "population": 24000, "geonameid": "12032531", "province": "02"}, "geometry": {"type": "Point", "coordinates": [-123.10556, 49.27997]}}, {"type": "Feature", "properties": {"name": "Kanata-Lakes", "population": 12668, "geonameid": "12070712", "province": "08"}, "geometry": {"type": "Point", "coordinates": [-75.91767, 45.32103]}}, {"type": "Feature", "properties": {"name": "Beaverbrook", "population": 5182, "geonameid": "12070741", "province": "08"}, "geometry": {"type": "Point", "coordinates": [-75.90597, 45.3302]}}, {"type": "Feature", "properties": {"name": "Fallingbrook", "population": 25000, "geonameid": "12070742", "province": "08"}, "geometry": {"type": "Point", "coordinates": [-75.48401, 45.47558]}}, {"type": "Feature", "properties": {"name": "Grand Centre", "population": 7256, "geonameid": "12070752", "province": "01"}, "geometry": {"type": "Point", "coordinates": [-110.21304, 54.41628]}}, {"type": "Feature", "properties": {"name": "Lake Country", "population": 15817, "geonameid": "12070755", "province": "02"}, "geometry": {"type": "Point", "coordinates": [-119.39672, 50.0088]}}, {"type": "Feature", "properties": {"name": "Hanwell", "population": 5108, "geonameid": "12070760", "province": "04"}, "geometry": {"type": "Point", "coordinates": [-66.76905, 45.88308]}}, {"type": "Feature", "properties": {"name": "Valley East", "population": 17451, "geonameid": "12070764", "province": "08"}, "geometry": {"type": "Point", "coordinates": [-80.9973, 46.64499]}}, {"type": "Feature", "properties": {"name": "Hauterive", "population": 11549, "geonameid": "12076633", "province": "10"}, "geometry": {"type": "Point", "coordinates": [-68.25813, 49.19572]}}, {"type": "Feature", "properties": {"name": "Downtown Halifax", "population": 25555, "geonameid": "12076998", "province": "07"}, "geometry": {"type": "Point", "coordinates": [-63.57762, 44.64826]}}, {"type": "Feature", "properties": {"name": "Spallumcheen", "population": 5055, "geonameid": "12156434", "province": "02"}, "geometry": {"type": "Point", "coordinates": [-119.22039, 50.40146]}}, {"type": "Feature", "properties": {"name": "York University Heights", "population": 27593, "geonameid": "12156817", "province": "08"}, "geometry": {"type": "Point", "coordinates": [-79.48888, 43.76574]}}, {"type": "Feature", "properties": {"name": "Parkwoods-Donalda", "population": 34805, "geonameid": "12156818", "province": "08"}, "geometry": {"type": "Point", "coordinates": [-79.33018, 43.75503]}}, {"type": "Feature", "properties": {"name": "South Parkdale", "population": 21849, "geonameid": "12156819", "province": "08"}, "geometry": {"type": "Point", "coordinates": [-79.43934, 43.6367]}}, {"type": "Feature", "properties": {"name": "South Riverdale", "population": 27876, "geonameid": "12156820", "province": "08"}, "geometry": {"type": "Point", "coordinates": [-79.33565, 43.64929]}}, {"type": "Feature", "properties": {"name": "North St.James Town", "population": 18615, "geonameid": "12156821", "province": "08"}, "geometry": {"type": "Point", "coordinates": [-79.37525, 43.66962]}}, {"type": "Feature", "properties": {"name": "Waterfront Communities-The Island", "population": 65913, "geonameid": "12156822", "province": "08"}, "geometry": {"type": "Point", "coordinates": [-79.3772, 43.63388]}}, {"type": "Feature", "properties": {"name": "West Humber-Clairville", "population": 33312, "geonameid": "12156823", "province": "08"}, "geometry": {"type": "Point", "coordinates": [-79.59636, 43.71619]}}, {"type": "Feature", "properties": {"name": "Banbury-Don Mills", "population": 27695, "geonameid": "12156824", "province": "08"}, "geometry": {"type": "Point", "coordinates": [-79.34972, 43.73766]}}, {"type": "Feature", "properties": {"name": "Birchcliffe-Cliffside", "population": 22291, "geonameid": "12156825", "province": "08"}, "geometry": {"type": "Point", "coordinates": [-79.26509, 43.69468]}}, {"type": "Feature", "properties": {"name": "Islington-City Centre West", "population": 43965, "geonameid": "12156826", "province": "08"}, "geometry": {"type": "Point", "coordinates": [-79.54332, 43.63347]}}, {"type": "Feature", "properties": {"name": "Centennial Scarborough", "population": 13362, "geonameid": "12156827", "province": "08"}, "geometry": {"type": "Point", "coordinates": [-79.15084, 43.78238]}}, {"type": "Feature", "properties": {"name": "Mount Pleasant West", "population": 29658, "geonameid": "12156828", "province": "08"}, "geometry": {"type": "Point", "coordinates": [-79.39336, 43.70444]}}, {"type": "Feature", "properties": {"name": "Humewood-Cedarvale", "population": 14365, "geonameid": "12156829", "province": "08"}, "geometry": {"type": "Point", "coordinates": [-79.42768, 43.69137]}}, {"type": "Feature", "properties": {"name": "Beechborough-Greenbrook", "population": 6577, "geonameid": "12156830", "province": "08"}, "geometry": {"type": "Point", "coordinates": [-79.47947, 43.69322]}}, {"type": "Feature", "properties": {"name": "Blake-Jones", "population": 7727, "geonameid": "12156831", "province": "08"}, "geometry": {"type": "Point", "coordinates": [-79.33739, 43.67617]}}, {"type": "Feature", "properties": {"name": "Forest Hill North", "population": 12806, "geonameid": "12156832", "province": "08"}, "geometry": {"type": "Point", "coordinates": [-79.42814, 43.70422]}}, {"type": "Feature", "properties": {"name": "Corso Italia-Davenport", "population": 14133, "geonameid": "12156833", "province": "08"}, "geometry": {"type": "Point", "coordinates": [-79.44747, 43.67766]}}, {"type": "Feature", "properties": {"name": "Danforth", "population": 9666, "geonameid": "12156834", "province": "08"}, "geometry": {"type": "Point", "coordinates": [-79.32982, 43.68403]}}, {"type": "Feature", "properties": {"name": "Eringate-Centennial-West Deane", "population": 18588, "geonameid": "12156835", "province": "08"}, "geometry": {"type": "Point", "coordinates": [-79.58044, 43.65802]}}, {"type": "Feature", "properties": {"name": "Junction Area", "population": 14366, "geonameid": "12156836", "province": "08"}, "geometry": {"type": "Point", "coordinates": [-79.47144, 43.66789]}}, {"type": "Feature", "properties": {"name": "University", "population": 7607, "geonameid": "12156837", "province": "08"}, "geometry": {"type": "Point", "coordinates": [-79.40118, 43.66251]}}, {"type": "Feature", "properties": {"name": "Dovercourt-Wallace Emerson-Junction", "population": 36625, "geonameid": "12156838", "province": "08"}, "geometry": {"type": "Point", "coordinates": [-79.43854, 43.66568]}}, {"type": "Feature", "properties": {"name": "Edenbridge-Humber Valley", "population": 15535, "geonameid": "12156839", "province": "08"}, "geometry": {"type": "Point", "coordinates": [-79.52246, 43.67089]}}, {"type": "Feature", "properties": {"name": "Newtonbrook East", "population": 16097, "geonameid": "12156840", "province": "08"}, "geometry": {"type": "Point", "coordinates": [-79.40594, 43.79154]}}, {"type": "Feature", "properties": {"name": "Yonge-St.Clair", "population": 12528, "geonameid": "12156841", "province": "08"}, "geometry": {"type": "Point", "coordinates": [-79.39787, 43.68786]}}, {"type": "Feature", "properties": {"name": "Newtonbrook West", "population": 23831, "geonameid": "12156842", "province": "08"}, "geometry": {"type": "Point", "coordinates": [-79.43142, 43.78583]}}, {"type": "Feature", "properties": {"name": "L'Amoreaux", "population": 43993, "geonameid": "12156843", "province": "08"}, "geometry": {"type": "Point", "coordinates": [-79.31408, 43.79572]}}, {"type": "Feature", "properties": {"name": "Yorkdale-Glen Park", "population": 14804, "geonameid": "12156844", "province": "08"}, "geometry": {"type": "Point", "coordinates": [-79.45711, 43.71467]}}, {"type": "Feature", "properties": {"name": "Taylor-Massey", "population": 15683, "geonameid": "12156845", "province": "08"}, "geometry": {"type": "Point", "coordinates": [-79.2959, 43.695]}}, {"type": "Feature", "properties": {"name": "Lambton Baby Point", "population": 7985, "geonameid": "12156846", "province": "08"}, "geometry": {"type": "Point", "coordinates": [-79.49605, 43.65742]}}, {"type": "Feature", "properties": {"name": "Lawrence Park North", "population": 14607, "geonameid": "12156847", "province": "08"}, "geometry": {"type": "Point", "coordinates": [-79.40398, 43.73006]}}, {"type": "Feature", "properties": {"name": "Palmerston-Little Italy", "population": 13826, "geonameid": "12156848", "province": "08"}, "geometry": {"type": "Point", "coordinates": [-79.41841, 43.65916]}}, {"type": "Feature", "properties": {"name": "Lansing-Westgate", "population": 16164, "geonameid": "12156849", "province": "08"}, "geometry": {"type": "Point", "coordinates": [-79.42475, 43.75427]}}, {"type": "Feature", "properties": {"name": "Lawrence Park South", "population": 15179, "geonameid": "12156850", "province": "08"}, "geometry": {"type": "Point", "coordinates": [-79.40604, 43.71721]}}, {"type": "Feature", "properties": {"name": "Leaside-Bennington", "population": 16828, "geonameid": "12156851", "province": "08"}, "geometry": {"type": "Point", "coordinates": [-79.36607, 43.7038]}}, {"type": "Feature", "properties": {"name": "Rexdale-Kipling", "population": 10529, "geonameid": "12156852", "province": "08"}, "geometry": {"type": "Point", "coordinates": [-79.56623, 43.72373]}}, {"type": "Feature", "properties": {"name": "Mount Olive-Silverstone-Jamestown", "population": 32954, "geonameid": "12156853", "province": "08"}, "geometry": {"type": "Point", "coordinates": [-79.58726, 43.74687]}}, {"type": "Feature", "properties": {"name": "Mount Pleasant East", "population": 16775, "geonameid": "12156854", "province": "08"}, "geometry": {"type": "Point", "coordinates": [-79.38492, 43.70485]}}, {"type": "Feature", "properties": {"name": "North Riverdale", "population": 11916, "geonameid": "12156855", "province": "08"}, "geometry": {"type": "Point", "coordinates": [-79.35126, 43.672]}}, {"type": "Feature", "properties": {"name": "Old East York", "population": 9233, "geonameid": "12156856", "province": "08"}, "geometry": {"type": "Point", "coordinates": [-79.33549, 43.69678]}}, {"type": "Feature", "properties": {"name": "Willowdale West", "population": 16936, "geonameid": "12156857", "province": "08"}, "geometry": {"type": "Point", "coordinates": [-79.42756, 43.77121]}}, {"type": "Feature", "properties": {"name": "Black Creek", "population": 21737, "geonameid": "12156858", "province": "08"}, "geometry": {"type": "Point", "coordinates": [-79.52198, 43.76489]}}, {"type": "Feature", "properties": {"name": "Rockcliffe-Smythe", "population": 22246, "geonameid": "12156859", "province": "08"}, "geometry": {"type": "Point", "coordinates": [-79.49442, 43.67479]}}, {"type": "Feature", "properties": {"name": "Pelmo Park-Humberlea", "population": 10722, "geonameid": "12156860", "province": "08"}, "geometry": {"type": "Point", "coordinates": [-79.52828, 43.71752]}}, {"type": "Feature", "properties": {"name": "Playter Estates-Danforth", "population": 7804, "geonameid": "12156861", "province": "08"}, "geometry": {"type": "Point", "coordinates": [-79.35489, 43.6797]}}, {"type": "Feature", "properties": {"name": "Rosedale-Moore Park", "population": 20923, "geonameid": "12156862", "province": "08"}, "geometry": {"type": "Point", "coordinates": [-79.37967, 43.68282]}}, {"type": "Feature", "properties": {"name": "Runnymede-Bloor West Village", "population": 10070, "geonameid": "12156863", "province": "08"}, "geometry": {"type": "Point", "coordinates": [-79.48571, 43.65927]}}, {"type": "Feature", "properties": {"name": "Rustic", "population": 9941, "geonameid": "12156864", "province": "08"}, "geometry": {"type": "Point", "coordinates": [-79.49809, 43.71161]}}, {"type": "Feature", "properties": {"name": "Stonegate-Queensway", "population": 25051, "geonameid": "12156865", "province": "08"}, "geometry": {"type": "Point", "coordinates": [-79.50113, 43.63552]}}, {"type": "Feature", "properties": {"name": "Briar Hill-Belgravia", "population": 14257, "geonameid": "12156866", "province": "08"}, "geometry": {"type": "Point", "coordinates": [-79.45285, 43.69902]}}, {"type": "Feature", "properties": {"name": "Danforth East York", "population": 17180, "geonameid": "12156867", "province": "08"}, "geometry": {"type": "Point", "coordinates": [-79.3314, 43.68947]}}, {"type": "Feature", "properties": {"name": "St. Andrew-Windfields", "population": 17812, "geonameid": "12156868", "province": "08"}, "geometry": {"type": "Point", "coordinates": [-79.37904, 43.75625]}}, {"type": "Feature", "properties": {"name": "Broadview North", "population": 11499, "geonameid": "12156869", "province": "08"}, "geometry": {"type": "Point", "coordinates": [-79.35563, 43.68883]}}, {"type": "Feature", "properties": {"name": "Thistletown-Beaumond Heights", "population": 10360, "geonameid": "12156870", "province": "08"}, "geometry": {"type": "Point", "coordinates": [-79.56349, 43.73799]}}, {"type": "Feature", "properties": {"name": "Annex", "population": 30526, "geonameid": "12156871", "province": "08"}, "geometry": {"type": "Point", "coordinates": [-79.404, 43.67159]}}, {"type": "Feature", "properties": {"name": "Thorncliffe Park", "population": 21108, "geonameid": "12156872", "province": "08"}, "geometry": {"type": "Point", "coordinates": [-79.34998, 43.70775]}}, {"type": "Feature", "properties": {"name": "Victoria Village", "population": 17510, "geonameid": "12156873", "province": "08"}, "geometry": {"type": "Point", "coordinates": [-79.31487, 43.72849]}}, {"type": "Feature", "properties": {"name": "Caledonia-Fairbank", "population": 9955, "geonameid": "12156874", "province": "08"}, "geometry": {"type": "Point", "coordinates": [-79.45521, 43.68857]}}, {"type": "Feature", "properties": {"name": "Wexford/Maryvale", "population": 27917, "geonameid": "12156875", "province": "08"}, "geometry": {"type": "Point", "coordinates": [-79.29864, 43.74857]}}, {"type": "Feature", "properties": {"name": "Weston-Pellam Park", "population": 11098, "geonameid": "12156876", "province": "08"}, "geometry": {"type": "Point", "coordinates": [-79.46024, 43.67396]}}, {"type": "Feature", "properties": {"name": "Westminster-Branson", "population": 26274, "geonameid": "12156877", "province": "08"}, "geometry": {"type": "Point", "coordinates": [-79.45242, 43.77881]}}, {"type": "Feature", "properties": {"name": "Willowdale East", "population": 50434, "geonameid": "12156878", "province": "08"}, "geometry": {"type": "Point", "coordinates": [-79.40148, 43.7706]}}, {"type": "Feature", "properties": {"name": "Yonge-Eglinton", "population": 11817, "geonameid": "12156879", "province": "08"}, "geometry": {"type": "Point", "coordinates": [-79.40359, 43.70469]}}, {"type": "Feature", "properties": {"name": "Maple Leaf", "population": 10111, "geonameid": "12156880", "province": "08"}, "geometry": {"type": "Point", "coordinates": [-79.48076, 43.71557]}}, {"type": "Feature", "properties": {"name": "Willowridge-Martingrove-Richview", "population": 22156, "geonameid": "12156881", "province": "08"}, "geometry": {"type": "Point", "coordinates": [-79.55422, 43.68364]}}, {"type": "Feature", "properties": {"name": "Church-Yonge Corridor", "population": 31340, "geonameid": "12156882", "province": "08"}, "geometry": {"type": "Point", "coordinates": [-79.37902, 43.65965]}}, {"type": "Feature", "properties": {"name": "Brookhaven-Amesbury", "population": 17757, "geonameid": "12156883", "province": "08"}, "geometry": {"type": "Point", "coordinates": [-79.48559, 43.70133]}}, {"type": "Feature", "properties": {"name": "O'Connor-Parkview", "population": 18675, "geonameid": "12156884", "province": "08"}, "geometry": {"type": "Point", "coordinates": [-79.31223, 43.7068]}}, {"type": "Feature", "properties": {"name": "Princess-Rosethorn", "population": 11051, "geonameid": "12156885", "province": "08"}, "geometry": {"type": "Point", "coordinates": [-79.54456, 43.66605]}}, {"type": "Feature", "properties": {"name": "Kensington-Chinatown", "population": 17945, "geonameid": "12156886", "province": "08"}, "geometry": {"type": "Point", "coordinates": [-79.39724, 43.65355]}}, {"type": "Feature", "properties": {"name": "Bay Street Corridor", "population": 25797, "geonameid": "12156887", "province": "08"}, "geometry": {"type": "Point", "coordinates": [-79.38572, 43.65751]}}, {"type": "Feature", "properties": {"name": "Agincourt South-Malvern West", "population": 23757, "geonameid": "12156888", "province": "08"}, "geometry": {"type": "Point", "coordinates": [-79.26561, 43.78866]}}, {"type": "Feature", "properties": {"name": "Bayview Woods-Steeles", "population": 13154, "geonameid": "12156889", "province": "08"}, "geometry": {"type": "Point", "coordinates": [-79.38212, 43.7968]}}, {"type": "Feature", "properties": {"name": "East End-Danforth", "population": 21381, "geonameid": "12156890", "province": "08"}, "geometry": {"type": "Point", "coordinates": [-79.29936, 43.68417]}}, {"type": "Feature", "properties": {"name": "Cabbagetown-South St.James Town", "population": 11669, "geonameid": "12156891", "province": "08"}, "geometry": {"type": "Point", "coordinates": [-79.36611, 43.66765]}}, {"type": "Feature", "properties": {"name": "Keelesdale-Eglinton West", "population": 11058, "geonameid": "12156892", "province": "08"}, "geometry": {"type": "Point", "coordinates": [-79.47144, 43.68573]}}, {"type": "Feature", "properties": {"name": "Englemount-Lawrence", "population": 22372, "geonameid": "12156893", "province": "08"}, "geometry": {"type": "Point", "coordinates": [-79.43741, 43.72035]}}, {"type": "Feature", "properties": {"name": "Forest Hill South", "population": 10732, "geonameid": "12156894", "province": "08"}, "geometry": {"type": "Point", "coordinates": [-79.41432, 43.69453]}}, {"type": "Feature", "properties": {"name": "Humber Heights-Westmount", "population": 10948, "geonameid": "12156895", "province": "08"}, "geometry": {"type": "Point", "coordinates": [-79.52242, 43.69223]}}, {"type": "Feature", "properties": {"name": "Bedford Park-Nortown", "population": 23236, "geonameid": "12156896", "province": "08"}, "geometry": {"type": "Point", "coordinates": [-79.42023, 43.73149]}}, {"type": "Feature", "properties": {"name": "Bathurst Manor", "population": 15873, "geonameid": "12156897", "province": "08"}, "geometry": {"type": "Point", "coordinates": [-79.45606, 43.76481]}}, {"type": "Feature", "properties": {"name": "Clanton Park", "population": 16472, "geonameid": "12156898", "province": "08"}, "geometry": {"type": "Point", "coordinates": [-79.4463, 43.74198]}}, {"type": "Feature", "properties": {"name": "Clairlea-Birchmount", "population": 26984, "geonameid": "12156899", "province": "08"}, "geometry": {"type": "Point", "coordinates": [-79.28138, 43.71359]}}, {"type": "Feature", "properties": {"name": "Bridle Path-Sunnybrook-York Mills", "population": 9266, "geonameid": "12156900", "province": "08"}, "geometry": {"type": "Point", "coordinates": [-79.37891, 43.73101]}}, {"type": "Feature", "properties": {"name": "Don Valley Village", "population": 27051, "geonameid": "12156901", "province": "08"}, "geometry": {"type": "Point", "coordinates": [-79.35364, 43.78329]}}, {"type": "Feature", "properties": {"name": "Elms-Old Rexdale", "population": 9456, "geonameid": "12156902", "province": "08"}, "geometry": {"type": "Point", "coordinates": [-79.54898, 43.72152]}}, {"type": "Feature", "properties": {"name": "Downsview-Roding-CFB", "population": 35052, "geonameid": "12156903", "province": "08"}, "geometry": {"type": "Point", "coordinates": [-79.49049, 43.73329]}}, {"type": "Feature", "properties": {"name": "Glenfield-Jane Heights", "population": 30491, "geonameid": "12156904", "province": "08"}, "geometry": {"type": "Point", "coordinates": [-79.51347, 43.74564]}}, {"type": "Feature", "properties": {"name": "High Park-Swansea", "population": 23925, "geonameid": "12156905", "province": "08"}, "geometry": {"type": "Point", "coordinates": [-79.46787, 43.64506]}}, {"type": "Feature", "properties": {"name": "Kingsview Village-The Westway", "population": 22000, "geonameid": "12156906", "province": "08"}, "geometry": {"type": "Point", "coordinates": [-79.54786, 43.69899]}}, {"type": "Feature", "properties": {"name": "Kingsway South", "population": 9271, "geonameid": "12156907", "province": "08"}, "geometry": {"type": "Point", "coordinates": [-79.51058, 43.65352]}}, {"type": "Feature", "properties": {"name": "Three Rivers", "population": 7883, "geonameid": "12495557", "province": "09"}, "geometry": {"type": "Point", "coordinates": [-62.5679, 46.1845]}}, {"type": "Feature", "properties": {"name": "L'Île-Bizard–Sainte-Geneviève", "population": 19857, "geonameid": "12626120", "province": "10"}, "geometry": {"type": "Point", "coordinates": [-73.8956, 45.49391]}}, {"type": "Feature", "properties": {"name": "Vieux-Montréal", "population": 5549, "geonameid": "12626122", "province": "10"}, "geometry": {"type": "Point", "coordinates": [-73.54164, 45.50621]}}, {"type": "Feature", "properties": {"name": "Ville-Émard", "population": 30440, "geonameid": "12626134", "province": "10"}, "geometry": {"type": "Point", "coordinates": [-73.6015, 45.44979]}}, {"type": "Feature", "properties": {"name": "Snowdon", "population": 32160, "geonameid": "12626140", "province": "10"}, "geometry": {"type": "Point", "coordinates": [-73.63103, 45.4859]}}, {"type": "Feature", "properties": {"name": "Saint-Henri", "population": 15800, "geonameid": "12626141", "province": "10"}, "geometry": {"type": "Point", "coordinates": [-73.60064, 45.46761]}}, {"type": "Feature", "properties": {"name": "Petite-Bourgogne", "population": 10000, "geonameid": "12626142", "province": "10"}, "geometry": {"type": "Point", "coordinates": [-73.56812, 45.48867]}}, {"type": "Feature", "properties": {"name": "Pointe-Saint-Charles", "population": 13731, "geonameid": "12626145", "province": "10"}, "geometry": {"type": "Point", "coordinates": [-73.55485, 45.48072]}}, {"type": "Feature", "properties": {"name": "Mile End", "population": 23977, "geonameid": "12626156", "province": "10"}, "geometry": {"type": "Point", "coordinates": [-73.59631, 45.5237]}}, {"type": "Feature", "properties": {"name": "Parc-Extension", "population": 33800, "geonameid": "12626157", "province": "10"}, "geometry": {"type": "Point", "coordinates": [-73.63176, 45.52951]}}, {"type": "Feature", "properties": {"name": "Outremont", "population": 23954, "geonameid": "12626165", "province": "10"}, "geometry": {"type": "Point", "coordinates": [-73.60865, 45.51564]}}, {"type": "Feature", "properties": {"name": "Desmarchais-Crawford", "population": 29688, "geonameid": "12626175", "province": "10"}, "geometry": {"type": "Point", "coordinates": [-73.58163, 45.44554]}}, {"type": "Feature", "properties": {"name": "Ile-des-Soeurs", "population": 20461, "geonameid": "12626176", "province": "10"}, "geometry": {"type": "Point", "coordinates": [-73.54817, 45.46033]}}, {"type": "Feature", "properties": {"name": "Milton-Parc", "population": 10961, "geonameid": "12626178", "province": "10"}, "geometry": {"type": "Point", "coordinates": [-73.57455, 45.51004]}}, {"type": "Feature", "properties": {"name": "Ct 0003", "population": 6600, "geonameid": "12808564", "province": "10"}, "geometry": {"type": "Point", "coordinates": [-73.52713, 45.60562]}}, {"type": "Feature", "properties": {"name": "Ct 0007", "population": 5655, "geonameid": "12808568", "province": "10"}, "geometry": {"type": "Point", "coordinates": [-73.52896, 45.59465]}}, {"type": "Feature", "properties": {"name": "Ct 0011", "population": 6439, "geonameid": "12808572", "province": "10"}, "geometry": {"type": "Point", "coordinates": [-73.53525, 45.58357]}}, {"type": "Feature", "properties": {"name": "Ct 0012", "population": 6710, "geonameid": "12808573", "province": "10"}, "geometry": {"type": "Point", "coordinates": [-73.53771, 45.57861]}}, {"type": "Feature", "properties": {"name": "Ct 0013", "population": 5694, "geonameid": "12808574", "province": "10"}, "geometry": {"type": "Point", "coordinates": [-73.54416, 45.56922]}}, {"type": "Feature", "properties": {"name": "Ct 0014", "population": 7550, "geonameid": "12808575", "province": "10"}, "geometry": {"type": "Point", "coordinates": [-73.54319, 45.55754]}}, {"type": "Feature", "properties": {"name": "West St. Paul", "population": 6682, "geonameid": "13100188", "province": "03"}, "geometry": {"type": "Point", "coordinates": [-97.14213, 50.01043]}}, {"type": "Feature", "properties": {"name": "Fairview", "population": 33620, "geonameid": "13495376", "province": "02"}, "geometry": {"type": "Point", "coordinates": [-123.13212, 49.26305]}}, {"type": "Feature", "properties": {"name": "Dunbar-Southlands", "population": 21245, "geonameid": "13495377", "province": "02"}, "geometry": {"type": "Point", "coordinates": [-123.1884, 49.24217]}}, {"type": "Feature", "properties": {"name": "Marpole", "population": 27843, "geonameid": "13495378", "province": "02"}, "geometry": {"type": "Point", "coordinates": [-123.12979, 49.21359]}}, {"type": "Feature", "properties": {"name": "Sunset", "population": 36500, "geonameid": "13495379", "province": "02"}, "geometry": {"type": "Point", "coordinates": [-123.09546, 49.22104]}}, {"type": "Feature", "properties": {"name": "Riley Park", "population": 22555, "geonameid": "13495380", "province": "02"}, "geometry": {"type": "Point", "coordinates": [-123.09319, 49.24303]}}, {"type": "Feature", "properties": {"name": "Marlborough", "population": 14169, "geonameid": "13495381", "province": "02"}, "geometry": {"type": "Point", "coordinates": [-122.98986, 49.22946]}}, {"type": "Feature", "properties": {"name": "Stride Hill", "population": 6019, "geonameid": "13495384", "province": "02"}, "geometry": {"type": "Point", "coordinates": [-122.96379, 49.20957]}}, {"type": "Feature", "properties": {"name": "Clinton-Glenwood", "population": 8422, "geonameid": "13495385", "province": "02"}, "geometry": {"type": "Point", "coordinates": [-122.97957, 49.21213]}}, {"type": "Feature", "properties": {"name": "Kingsway-Beresford", "population": 7376, "geonameid": "13495386", "province": "02"}, "geometry": {"type": "Point", "coordinates": [-122.96403, 49.22482]}}, {"type": "Feature", "properties": {"name": "Edmonds", "population": 22318, "geonameid": "13495388", "province": "02"}, "geometry": {"type": "Point", "coordinates": [-122.93992, 49.21392]}}, {"type": "Feature", "properties": {"name": "Lochdale", "population": 8535, "geonameid": "13495389", "province": "02"}, "geometry": {"type": "Point", "coordinates": [-122.96479, 49.27373]}}, {"type": "Feature", "properties": {"name": "West Cambie", "population": 12255, "geonameid": "13495391", "province": "02"}, "geometry": {"type": "Point", "coordinates": [-123.11691, 49.18293]}}, {"type": "Feature", "properties": {"name": "East Cambie", "population": 10780, "geonameid": "13495392", "province": "02"}, "geometry": {"type": "Point", "coordinates": [-123.09267, 49.18434]}}, {"type": "Feature", "properties": {"name": "Blundell", "population": 18065, "geonameid": "13495394", "province": "02"}, "geometry": {"type": "Point", "coordinates": [-123.15706, 49.15531]}}, {"type": "Feature", "properties": {"name": "Shellmont", "population": 11420, "geonameid": "13495396", "province": "02"}, "geometry": {"type": "Point", "coordinates": [-123.09631, 49.13478]}}, {"type": "Feature", "properties": {"name": "Surrey City Centre", "population": 33520, "geonameid": "13512353", "province": "02"}, "geometry": {"type": "Point", "coordinates": [-122.84659, 49.18542]}}, {"type": "Feature", "properties": {"name": "Burke Mountain", "population": 12100, "geonameid": "13512354", "province": "02"}, "geometry": {"type": "Point", "coordinates": [-122.75613, 49.29363]}}, {"type": "Feature", "properties": {"name": "Westwood Plateau", "population": 19776, "geonameid": "13512355", "province": "02"}, "geometry": {"type": "Point", "coordinates": [-122.79338, 49.30461]}}, {"type": "Feature", "properties": {"name": "Cape Horn", "population": 12680, "geonameid": "13512356", "province": "02"}, "geometry": {"type": "Point", "coordinates": [-122.8369, 49.22684]}}, {"type": "Feature", "properties": {"name": "Burnside-Gorge", "population": 6875, "geonameid": "13512357", "province": "02"}, "geometry": {"type": "Point", "coordinates": [-123.37605, 48.44339]}}, {"type": "Feature", "properties": {"name": "Victoria-Downtown", "population": 46309, "geonameid": "13512358", "province": "02"}, "geometry": {"type": "Point", "coordinates": [-123.36104, 48.4277]}}, {"type": "Feature", "properties": {"name": "Fernwood", "population": 10200, "geonameid": "13512359", "province": "02"}, "geometry": {"type": "Point", "coordinates": [-123.34424, 48.42979]}}, {"type": "Feature", "properties": {"name": "Hillside-Quadra", "population": 7860, "geonameid": "13512360", "province": "02"}, "geometry": {"type": "Point", "coordinates": [-123.35598, 48.44473]}}, {"type": "Feature", "properties": {"name": "Jubilee", "population": 5290, "geonameid": "13512361", "province": "02"}, "geometry": {"type": "Point", "coordinates": [-123.32833, 48.43034]}}, {"type": "Feature", "properties": {"name": "Oaklands", "population": 7585, "geonameid": "13512363", "province": "02"}, "geometry": {"type": "Point", "coordinates": [-123.34065, 48.4439]}}, {"type": "Feature", "properties": {"name": "Victoria West", "population": 8365, "geonameid": "13512366", "province": "02"}, "geometry": {"type": "Point", "coordinates": [-123.38214, 48.43188]}}, {"type": "Feature", "properties": {"name": "Carey", "population": 18405, "geonameid": "13512367", "province": "02"}, "geometry": {"type": "Point", "coordinates": [-123.39483, 48.47205]}}, {"type": "Feature", "properties": {"name": "Shelbourne", "population": 12525, "geonameid": "13512368", "province": "02"}, "geometry": {"type": "Point", "coordinates": [-123.32903, 48.45299]}}, {"type": "Feature", "properties": {"name": "Saanich Core", "population": 5470, "geonameid": "13512369", "province": "02"}, "geometry": {"type": "Point", "coordinates": [-123.37451, 48.45481]}}, {"type": "Feature", "properties": {"name": "Rural Saanich", "population": 5025, "geonameid": "13512370", "province": "02"}, "geometry": {"type": "Point", "coordinates": [-123.42876, 48.49734]}}, {"type": "Feature", "properties": {"name": "Kerrisdale", "population": 13975, "geonameid": "13512371", "province": "02"}, "geometry": {"type": "Point", "coordinates": [-123.15511, 49.23442]}}, {"type": "Feature", "properties": {"name": "Lougheed", "population": 15300, "geonameid": "13512377", "province": "02"}, "geometry": {"type": "Point", "coordinates": [-122.89236, 49.2481]}}, {"type": "Feature", "properties": {"name": "Harewood", "population": 8769, "geonameid": "13512378", "province": "02"}, "geometry": {"type": "Point", "coordinates": [-123.94739, 49.1474]}}, {"type": "Feature", "properties": {"name": "Central Lonsdale", "population": 18485, "geonameid": "13512383", "province": "02"}, "geometry": {"type": "Point", "coordinates": [-123.07234, 49.32574]}}, {"type": "Feature", "properties": {"name": "Ambleside", "population": 11998, "geonameid": "13512410", "province": "02"}, "geometry": {"type": "Point", "coordinates": [-123.14375, 49.32777]}}, {"type": "Feature", "properties": {"name": "Whatcom", "population": 10270, "geonameid": "13512412", "province": "02"}, "geometry": {"type": "Point", "coordinates": [-122.23988, 49.04144]}}, {"type": "Feature", "properties": {"name": "Fairfield", "population": 11165, "geonameid": "13512415", "province": "02"}, "geometry": {"type": "Point", "coordinates": [-122.31522, 49.06705]}}, {"type": "Feature", "properties": {"name": "Townline", "population": 21095, "geonameid": "13512416", "province": "02"}, "geometry": {"type": "Point", "coordinates": [-122.36008, 49.06206]}}, {"type": "Feature", "properties": {"name": "Historic Downtown", "population": 9910, "geonameid": "13512417", "province": "02"}, "geometry": {"type": "Point", "coordinates": [-122.29335, 49.05141]}}, {"type": "Feature", "properties": {"name": "McMillan", "population": 9250, "geonameid": "13512418", "province": "02"}, "geometry": {"type": "Point", "coordinates": [-122.26665, 49.04494]}}, {"type": "Feature", "properties": {"name": "Marshall-McCallum", "population": 10055, "geonameid": "13512419", "province": "02"}, "geometry": {"type": "Point", "coordinates": [-122.30168, 49.03723]}}, {"type": "Feature", "properties": {"name": "South Clearbrook", "population": 10120, "geonameid": "13512420", "province": "02"}, "geometry": {"type": "Point", "coordinates": [-122.32794, 49.04065]}}, {"type": "Feature", "properties": {"name": "Cedar Valley", "population": 8080, "geonameid": "13512422", "province": "02"}, "geometry": {"type": "Point", "coordinates": [-122.31047, 49.16172]}}, {"type": "Feature", "properties": {"name": "Hammond", "population": 12709, "geonameid": "13512423", "province": "02"}, "geometry": {"type": "Point", "coordinates": [-122.65327, 49.21931]}}, {"type": "Feature", "properties": {"name": "Port Haney", "population": 6630, "geonameid": "13512424", "province": "02"}, "geometry": {"type": "Point", "coordinates": [-122.60474, 49.21227]}}, {"type": "Feature", "properties": {"name": "Chilliwack-Downtown", "population": 31410, "geonameid": "13512426", "province": "02"}, "geometry": {"type": "Point", "coordinates": [-121.95907, 49.1643]}}, {"type": "Feature", "properties": {"name": "Quilchena", "population": 5692, "geonameid": "13512543", "province": "02"}, "geometry": {"type": "Point", "coordinates": [-123.1508, 49.24341]}}, {"type": "Feature", "properties": {"name": "English Bay", "population": 14225, "geonameid": "13512544", "province": "02"}, "geometry": {"type": "Point", "coordinates": [-123.14255, 49.28458]}}, {"type": "Feature", "properties": {"name": "South Granville", "population": 24820, "geonameid": "13512545", "province": "02"}, "geometry": {"type": "Point", "coordinates": [-123.13946, 49.2602]}}, {"type": "Feature", "properties": {"name": "Downtown Eastside", "population": 18477, "geonameid": "13512546", "province": "02"}, "geometry": {"type": "Point", "coordinates": [-123.09351, 49.2818]}}, {"type": "Feature", "properties": {"name": "University Endowment Lands", "population": 16920, "geonameid": "13512547", "province": "02"}, "geometry": {"type": "Point", "coordinates": [-123.239, 49.26418]}}, {"type": "Feature", "properties": {"name": "Maywood", "population": 19650, "geonameid": "13512548", "province": "02"}, "geometry": {"type": "Point", "coordinates": [-123.00588, 49.22219]}}, {"type": "Feature", "properties": {"name": "East Hastings", "population": 80740, "geonameid": "13512549", "province": "02"}, "geometry": {"type": "Point", "coordinates": [-123.06186, 49.27169]}}, {"type": "Feature", "properties": {"name": "Hamilton", "population": 5505, "geonameid": "13512595", "province": "02"}, "geometry": {"type": "Point", "coordinates": [-122.97428, 49.17401]}}, {"type": "Feature", "properties": {"name": "Central Coquitlam", "population": 15480, "geonameid": "13512769", "province": "02"}, "geometry": {"type": "Point", "coordinates": [-122.83815, 49.26028]}}, {"type": "Feature", "properties": {"name": "College Park", "population": 7396, "geonameid": "13512923", "province": "02"}, "geometry": {"type": "Point", "coordinates": [-122.87865, 49.28199]}}, {"type": "Feature", "properties": {"name": "Inlet Centre", "population": 7232, "geonameid": "13512924", "province": "02"}, "geometry": {"type": "Point", "coordinates": [-122.84538, 49.27611]}}, {"type": "Feature", "properties": {"name": "Coquitlam Town Centre", "population": 24282, "geonameid": "13512932", "province": "02"}, "geometry": {"type": "Point", "coordinates": [-122.79669, 49.27697]}}, {"type": "Feature", "properties": {"name": "Coquitlam West", "population": 25656, "geonameid": "13512933", "province": "02"}, "geometry": {"type": "Point", "coordinates": [-122.87883, 49.25702]}}, {"type": "Feature", "properties": {"name": "Hockaday", "population": 10373, "geonameid": "13512934", "province": "02"}, "geometry": {"type": "Point", "coordinates": [-122.77035, 49.29678]}}, {"type": "Feature", "properties": {"name": "Canyon Springs", "population": 7528, "geonameid": "13512935", "province": "02"}, "geometry": {"type": "Point", "coordinates": [-122.79542, 49.29148]}}, {"type": "Feature", "properties": {"name": "New Horizons", "population": 8495, "geonameid": "13512936", "province": "02"}, "geometry": {"type": "Point", "coordinates": [-122.77906, 49.28125]}}, {"type": "Feature", "properties": {"name": "Douglas-Gilpin", "population": 10234, "geonameid": "13512937", "province": "02"}, "geometry": {"type": "Point", "coordinates": [-122.98215, 49.24438]}}, {"type": "Feature", "properties": {"name": "Cameron", "population": 11844, "geonameid": "13512938", "province": "02"}, "geometry": {"type": "Point", "coordinates": [-122.90671, 49.25619]}}, {"type": "Feature", "properties": {"name": "Lyndhurst", "population": 5370, "geonameid": "13512941", "province": "02"}, "geometry": {"type": "Point", "coordinates": [-122.89919, 49.26544]}}, {"type": "Feature", "properties": {"name": "Second Street", "population": 5666, "geonameid": "13512944", "province": "02"}, "geometry": {"type": "Point", "coordinates": [-122.92205, 49.22372]}}, {"type": "Feature", "properties": {"name": "Sapperton", "population": 6327, "geonameid": "13512945", "province": "02"}, "geometry": {"type": "Point", "coordinates": [-122.89452, 49.22642]}}, {"type": "Feature", "properties": {"name": "Champlain Heights", "population": 11958, "geonameid": "13512948", "province": "02"}, "geometry": {"type": "Point", "coordinates": [-123.026, 49.20919]}}, {"type": "Feature", "properties": {"name": "Terra Nova", "population": 5447, "geonameid": "13512949", "province": "02"}, "geometry": {"type": "Point", "coordinates": [-123.18905, 49.16972]}}, {"type": "Feature", "properties": {"name": "Garden City", "population": 5885, "geonameid": "13512951", "province": "02"}, "geometry": {"type": "Point", "coordinates": [-123.12178, 49.16711]}}, {"type": "Feature", "properties": {"name": "Woodwards", "population": 8055, "geonameid": "13512953", "province": "02"}, "geometry": {"type": "Point", "coordinates": [-123.15489, 49.14675]}}, {"type": "Feature", "properties": {"name": "Ironwood", "population": 6236, "geonameid": "13512955", "province": "02"}, "geometry": {"type": "Point", "coordinates": [-123.09512, 49.12609]}}, {"type": "Feature", "properties": {"name": "South Arm", "population": 7503, "geonameid": "13512956", "province": "02"}, "geometry": {"type": "Point", "coordinates": [-123.12483, 49.14032]}}, {"type": "Feature", "properties": {"name": "Brow of the Hill", "population": 10631, "geonameid": "13512958", "province": "02"}, "geometry": {"type": "Point", "coordinates": [-122.92015, 49.20213]}}, {"type": "Feature", "properties": {"name": "Uptown", "population": 9273, "geonameid": "13512959", "province": "02"}, "geometry": {"type": "Point", "coordinates": [-122.91929, 49.2121]}}, {"type": "Feature", "properties": {"name": "Glenwood", "population": 11437, "geonameid": "13512961", "province": "02"}, "geometry": {"type": "Point", "coordinates": [-122.78003, 49.27338]}}, {"type": "Feature", "properties": {"name": "Riverwood", "population": 9008, "geonameid": "13512962", "province": "02"}, "geometry": {"type": "Point", "coordinates": [-122.73579, 49.25579]}}, {"type": "Feature", "properties": {"name": "Douglas", "population": 7867, "geonameid": "13512981", "province": "02"}, "geometry": {"type": "Point", "coordinates": [-122.65114, 49.10229]}}, {"type": "Feature", "properties": {"name": "East Clayton", "population": 15000, "geonameid": "13513019", "province": "02"}, "geometry": {"type": "Point", "coordinates": [-122.70172, 49.12487]}}, {"type": "Feature", "properties": {"name": "West Clayton", "population": 13102, "geonameid": "13513020", "province": "02"}, "geometry": {"type": "Point", "coordinates": [-122.71571, 49.12908]}}, {"type": "Feature", "properties": {"name": "Renfrew Heights", "population": 20570, "geonameid": "13513180", "province": "02"}, "geometry": {"type": "Point", "coordinates": [-123.03159, 49.25448]}}, {"type": "Feature", "properties": {"name": "Gastown", "population": 10187, "geonameid": "13513181", "province": "02"}, "geometry": {"type": "Point", "coordinates": [-123.11168, 49.28513]}}, {"type": "Feature", "properties": {"name": "Marpole South", "population": 7150, "geonameid": "13513183", "province": "02"}, "geometry": {"type": "Point", "coordinates": [-123.13182, 49.20613]}}, {"type": "Feature", "properties": {"name": "Cedar Cove", "population": 6000, "geonameid": "13527833", "province": "02"}, "geometry": {"type": "Point", "coordinates": [-123.06077, 49.28648]}}, {"type": "Feature", "properties": {"name": "Kahnawake", "population": 7965, "geonameid": "13546315", "province": "10"}, "geometry": {"type": "Point", "coordinates": [-73.68139, 45.41076]}}, {"type": "Feature", "properties": {"name": "Le Plateau-Mont-Royal", "population": 105813, "geonameid": "13546316", "province": "10"}, "geometry": {"type": "Point", "coordinates": [-73.58081, 45.52833]}}, {"type": "Feature", "properties": {"name": "Ville-Marie", "population": 104944, "geonameid": "13546317", "province": "10"}, "geometry": {"type": "Point", "coordinates": [-73.57046, 45.49899]}}, {"type": "Feature", "properties": {"name": "Le Sud-Ouest", "population": 86347, "geonameid": "13546318", "province": "10"}, "geometry": {"type": "Point", "coordinates": [-73.58986, 45.47187]}}, {"type": "Feature", "properties": {"name": "Mercier–Hochelaga-Maisonneuve", "population": 142753, "geonameid": "13546319", "province": "10"}, "geometry": {"type": "Point", "coordinates": [-73.54626, 45.57194]}}, {"type": "Feature", "properties": {"name": "Montréal-Nord", "population": 86857, "geonameid": "13546320", "province": "10"}, "geometry": {"type": "Point", "coordinates": [-73.63063, 45.6016]}}, {"type": "Feature", "properties": {"name": "Pierrefonds-Roxboro", "population": 73194, "geonameid": "13546321", "province": "10"}, "geometry": {"type": "Point", "coordinates": [-73.8417, 45.5019]}}, {"type": "Feature", "properties": {"name": "Rivière-des-Prairies–Pointe-aux-Trembles", "population": 113868, "geonameid": "13546322", "province": "10"}, "geometry": {"type": "Point", "coordinates": [-73.58463, 45.64064]}}, {"type": "Feature", "properties": {"name": "Rosemont–La Petite-Patrie", "population": 146501, "geonameid": "13546323", "province": "10"}, "geometry": {"type": "Point", "coordinates": [-73.60686, 45.53661]}}, {"type": "Feature", "properties": {"name": "Villeray–Saint-Michel–Parc-Extension", "population": 144814, "geonameid": "13546324", "province": "10"}, "geometry": {"type": "Point", "coordinates": [-73.60535, 45.55869]}}, {"type": "Feature", "properties": {"name": "Le Vieux-Longueuil", "population": 135218, "geonameid": "13546325", "province": "10"}, "geometry": {"type": "Point", "coordinates": [-73.50773, 45.53721]}}, {"type": "Feature", "properties": {"name": "Punjabi Market", "population": 6510, "geonameid": "13561600", "province": "02"}, "geometry": {"type": "Point", "coordinates": [-123.10161, 49.23303]}}, {"type": "Feature", "properties": {"name": "Univercity", "population": 5000, "geonameid": "13561800", "province": "02"}, "geometry": {"type": "Point", "coordinates": [-122.90503, 49.27849]}}, {"type": "Feature", "properties": {"name": "Halifax South End", "population": 19922, "geonameid": "13561900", "province": "07"}, "geometry": {"type": "Point", "coordinates": [-63.57651, 44.62927]}}, {"type": "Feature", "properties": {"name": "Quinpool District", "population": 7228, "geonameid": "13561901", "province": "07"}, "geometry": {"type": "Point", "coordinates": [-63.59847, 44.64335]}}, {"type": "Feature", "properties": {"name": "Halifax West End", "population": 22664, "geonameid": "13561902", "province": "07"}, "geometry": {"type": "Point", "coordinates": [-63.61946, 44.6486]}}, {"type": "Feature", "properties": {"name": "Halifax North End", "population": 14893, "geonameid": "13561903", "province": "07"}, "geometry": {"type": "Point", "coordinates": [-63.60898, 44.66556]}}, {"type": "Feature", "properties": {"name": "Manor Park", "population": 7716, "geonameid": "13561904", "province": "07"}, "geometry": {"type": "Point", "coordinates": [-63.54898, 44.67164]}}, {"type": "Feature", "properties": {"name": "Downtown Dartmouth", "population": 6300, "geonameid": "13561905", "province": "07"}, "geometry": {"type": "Point", "coordinates": [-63.56595, 44.66684]}}, {"type": "Feature", "properties": {"name": "Forest Hills", "population": 8822, "geonameid": "13561910", "province": "07"}, "geometry": {"type": "Point", "coordinates": [-63.48823, 44.68009]}}, {"type": "Feature", "properties": {"name": "Membertou", "population": 7859, "geonameid": "13561918", "province": "07"}, "geometry": {"type": "Point", "coordinates": [-60.18932, 46.11518]}}, {"type": "Feature", "properties": {"name": "Downtown St. John's", "population": 9431, "geonameid": "13561919", "province": "05"}, "geometry": {"type": "Point", "coordinates": [-52.711, 47.56075]}}, {"type": "Feature", "properties": {"name": "Forest Heights", "population": 5985, "geonameid": "13561948", "province": "01"}, "geometry": {"type": "Point", "coordinates": [-113.97012, 51.04941]}}, {"type": "Feature", "properties": {"name": "Mt Pleasant", "population": 32955, "geonameid": "13562300", "province": "02"}, "geometry": {"type": "Point", "coordinates": [-123.10019, 49.26239]}}, {"type": "Feature", "properties": {"name": "East Newton North", "population": 7336, "geonameid": "13562301", "province": "02"}, "geometry": {"type": "Point", "coordinates": [-122.81388, 49.14347]}}, {"type": "Feature", "properties": {"name": "East Newton South", "population": 7881, "geonameid": "13562304", "province": "02"}, "geometry": {"type": "Point", "coordinates": [-122.80904, 49.12938]}}, {"type": "Feature", "properties": {"name": "Highway 11", "population": 5500, "geonameid": "13562306", "province": "02"}, "geometry": {"type": "Point", "coordinates": [-122.28365, 49.03576]}}, {"type": "Feature", "properties": {"name": "Downtown Moncton", "population": 7837, "geonameid": "13580443", "province": "04"}, "geometry": {"type": "Point", "coordinates": [-64.78535, 46.09231]}}, {"type": "Feature", "properties": {"name": "Central Moncton", "population": 8023, "geonameid": "13580444", "province": "04"}, "geometry": {"type": "Point", "coordinates": [-64.79623, 46.09696]}}, {"type": "Feature", "properties": {"name": "Downtown Dieppe", "population": 6690, "geonameid": "13580445", "province": "04"}, "geometry": {"type": "Point", "coordinates": [-64.74371, 46.09521]}}, {"type": "Feature", "properties": {"name": "Parkton", "population": 13745, "geonameid": "13580446", "province": "04"}, "geometry": {"type": "Point", "coordinates": [-64.79536, 46.08553]}}, {"type": "Feature", "properties": {"name": "North End", "population": 5389, "geonameid": "13580447", "province": "04"}, "geometry": {"type": "Point", "coordinates": [-66.08137, 45.27017]}}, {"type": "Feature", "properties": {"name": "Uptown Saint John", "population": 8221, "geonameid": "13580448", "province": "04"}, "geometry": {"type": "Point", "coordinates": [-66.05945, 45.2728]}}, {"type": "Feature", "properties": {"name": "Mount Cashel", "population": 6047, "geonameid": "13580453", "province": "05"}, "geometry": {"type": "Point", "coordinates": [-52.70962, 47.58882]}}, {"type": "Feature", "properties": {"name": "Kilbride", "population": 5901, "geonameid": "13580461", "province": "05"}, "geometry": {"type": "Point", "coordinates": [-52.75596, 47.50649]}}, {"type": "Feature", "properties": {"name": "Southlands", "population": 5340, "geonameid": "13580472", "province": "05"}, "geometry": {"type": "Point", "coordinates": [-52.8238, 47.49313]}}, {"type": "Feature", "properties": {"name": "Mundy Pond", "population": 6448, "geonameid": "13580475", "province": "05"}, "geometry": {"type": "Point", "coordinates": [-52.74648, 47.5491]}}, {"type": "Feature", "properties": {"name": "Donovans", "population": 5302, "geonameid": "13580477", "province": "05"}, "geometry": {"type": "Point", "coordinates": [-52.83635, 47.52184]}}, {"type": "Feature", "properties": {"name": "Pearlgate", "population": 6555, "geonameid": "13580478", "province": "05"}, "geometry": {"type": "Point", "coordinates": [-52.80324, 47.5019]}}, {"type": "Feature", "properties": {"name": "Beechwood", "population": 8925, "geonameid": "13580692", "province": "08"}, "geometry": {"type": "Point", "coordinates": [-80.54989, 43.46041]}}, {"type": "Feature", "properties": {"name": "Beechwood West", "population": 6990, "geonameid": "13580693", "province": "08"}, "geometry": {"type": "Point", "coordinates": [-80.56614, 43.45823]}}, {"type": "Feature", "properties": {"name": "Central", "population": 12650, "geonameid": "13580694", "province": "08"}, "geometry": {"type": "Point", "coordinates": [-80.52185, 43.46475]}}, {"type": "Feature", "properties": {"name": "Clair Hills", "population": 6145, "geonameid": "13580695", "province": "08"}, "geometry": {"type": "Point", "coordinates": [-80.58172, 43.45625]}}, {"type": "Feature", "properties": {"name": "Columbia", "population": 13635, "geonameid": "13580696", "province": "08"}, "geometry": {"type": "Point", "coordinates": [-80.53349, 43.48468]}}, {"type": "Feature", "properties": {"name": "Columbia Hills", "population": 7125, "geonameid": "13580697", "province": "08"}, "geometry": {"type": "Point", "coordinates": [-80.60084, 43.46987]}}, {"type": "Feature", "properties": {"name": "Eastbridge", "population": 6840, "geonameid": "13580701", "province": "08"}, "geometry": {"type": "Point", "coordinates": [-80.50816, 43.51273]}}, {"type": "Feature", "properties": {"name": "Lakeshore North-Conservation", "population": 5190, "geonameid": "13580705", "province": "08"}, "geometry": {"type": "Point", "coordinates": [-80.56116, 43.49656]}}, {"type": "Feature", "properties": {"name": "Laurelwood", "population": 5150, "geonameid": "13580708", "province": "08"}, "geometry": {"type": "Point", "coordinates": [-80.58005, 43.46866]}}, {"type": "Feature", "properties": {"name": "Lexington", "population": 7330, "geonameid": "13580711", "province": "08"}, "geometry": {"type": "Point", "coordinates": [-80.49121, 43.49736]}}, {"type": "Feature", "properties": {"name": "Lincoln", "population": 8765, "geonameid": "13580713", "province": "08"}, "geometry": {"type": "Point", "coordinates": [-80.50656, 43.49527]}}, {"type": "Feature", "properties": {"name": "Westvale", "population": 6730, "geonameid": "13580717", "province": "08"}, "geometry": {"type": "Point", "coordinates": [-80.55669, 43.44452]}}, {"type": "Feature", "properties": {"name": "Willowdale", "population": 8130, "geonameid": "13580719", "province": "08"}, "geometry": {"type": "Point", "coordinates": [-80.50387, 43.47875]}}, {"type": "Feature", "properties": {"name": "Colonial Acres", "population": 8163, "geonameid": "13580720", "province": "08"}, "geometry": {"type": "Point", "coordinates": [-80.51774, 43.50107]}}, {"type": "Feature", "properties": {"name": "Centreville Chicopee", "population": 10434, "geonameid": "13580737", "province": "08"}, "geometry": {"type": "Point", "coordinates": [-80.4281, 43.43556]}}, {"type": "Feature", "properties": {"name": "Country Hills West", "population": 6615, "geonameid": "13580742", "province": "08"}, "geometry": {"type": "Point", "coordinates": [-80.48653, 43.41111]}}, {"type": "Feature", "properties": {"name": "Doon South", "population": 11524, "geonameid": "13580743", "province": "08"}, "geometry": {"type": "Point", "coordinates": [-80.43091, 43.37818]}}, {"type": "Feature", "properties": {"name": "Grand River South", "population": 9649, "geonameid": "13580747", "province": "08"}, "geometry": {"type": "Point", "coordinates": [-80.40432, 43.45043]}}, {"type": "Feature", "properties": {"name": "Highland West", "population": 13066, "geonameid": "13580750", "province": "08"}, "geometry": {"type": "Point", "coordinates": [-80.54429, 43.43152]}}, {"type": "Feature", "properties": {"name": "Huron Park", "population": 6579, "geonameid": "13580751", "province": "08"}, "geometry": {"type": "Point", "coordinates": [-80.47927, 43.40231]}}, {"type": "Feature", "properties": {"name": "Idlewood", "population": 5560, "geonameid": "13580752", "province": "08"}, "geometry": {"type": "Point", "coordinates": [-80.42768, 43.45004]}}, {"type": "Feature", "properties": {"name": "Mount Hope Huron Park", "population": 5030, "geonameid": "13580756", "province": "08"}, "geometry": {"type": "Point", "coordinates": [-80.49644, 43.45942]}}, {"type": "Feature", "properties": {"name": "Pioneer Park", "population": 9108, "geonameid": "13580758", "province": "08"}, "geometry": {"type": "Point", "coordinates": [-80.44095, 43.39269]}}, {"type": "Feature", "properties": {"name": "Southdale", "population": 5267, "geonameid": "13580761", "province": "08"}, "geometry": {"type": "Point", "coordinates": [-80.49117, 43.43363]}}, {"type": "Feature", "properties": {"name": "Vanier", "population": 15249, "geonameid": "13580764", "province": "08"}, "geometry": {"type": "Point", "coordinates": [-80.45148, 43.42675]}}, {"type": "Feature", "properties": {"name": "East Hespeler", "population": 7321, "geonameid": "13580765", "province": "08"}, "geometry": {"type": "Point", "coordinates": [-80.29559, 43.43458]}}, {"type": "Feature", "properties": {"name": "Silver Heights", "population": 8235, "geonameid": "13580766", "province": "08"}, "geometry": {"type": "Point", "coordinates": [-80.31471, 43.44012]}}, {"type": "Feature", "properties": {"name": "Blair Road", "population": 9289, "geonameid": "13580768", "province": "08"}, "geometry": {"type": "Point", "coordinates": [-80.33448, 43.37112]}}, {"type": "Feature", "properties": {"name": "Christopher-Champlain", "population": 15372, "geonameid": "13580769", "province": "08"}, "geometry": {"type": "Point", "coordinates": [-80.30186, 43.34728]}}, {"type": "Feature", "properties": {"name": "Fiddlesticks", "population": 17576, "geonameid": "13580772", "province": "08"}, "geometry": {"type": "Point", "coordinates": [-80.28741, 43.39484]}}, {"type": "Feature", "properties": {"name": "Greenway-Chaplin", "population": 14146, "geonameid": "13580773", "province": "08"}, "geometry": {"type": "Point", "coordinates": [-80.31139, 43.3842]}}, {"type": "Feature", "properties": {"name": "Lang's Farm", "population": 5347, "geonameid": "13580774", "province": "08"}, "geometry": {"type": "Point", "coordinates": [-80.33558, 43.39783]}}, {"type": "Feature", "properties": {"name": "Little's Corners", "population": 9413, "geonameid": "13580775", "province": "08"}, "geometry": {"type": "Point", "coordinates": [-80.27583, 43.34386]}}, {"type": "Feature", "properties": {"name": "Popcorn House", "population": 7889, "geonameid": "13580776", "province": "08"}, "geometry": {"type": "Point", "coordinates": [-80.29878, 43.41953]}}, {"type": "Feature", "properties": {"name": "Preston Centre", "population": 10441, "geonameid": "13580777", "province": "08"}, "geometry": {"type": "Point", "coordinates": [-80.35936, 43.39437]}}, {"type": "Feature", "properties": {"name": "La Cité-Limoilou", "population": 108415, "geonameid": "13589045", "province": "10"}, "geometry": {"type": "Point", "coordinates": [-71.22641, 46.82894]}}, {"type": "Feature", "properties": {"name": "Les Rivières", "population": 77000, "geonameid": "13589046", "province": "10"}, "geometry": {"type": "Point", "coordinates": [-71.272, 46.81847]}}, {"type": "Feature", "properties": {"name": "Nutana Sector", "population": 72564, "geonameid": "13589205", "province": "11"}, "geometry": {"type": "Point", "coordinates": [-106.63709, 52.09998]}}, {"type": "Feature", "properties": {"name": "Core Neighbourhoods", "population": 36088, "geonameid": "13589206", "province": "11"}, "geometry": {"type": "Point", "coordinates": [-106.67231, 52.13041]}}, {"type": "Feature", "properties": {"name": "Holmwood", "population": 8495, "geonameid": "13589207", "province": "11"}, "geometry": {"type": "Point", "coordinates": [-106.53904, 52.1234]}}, {"type": "Feature", "properties": {"name": "Lakewood", "population": 51237, "geonameid": "13589208", "province": "11"}, "geometry": {"type": "Point", "coordinates": [-106.59027, 52.1085]}}, {"type": "Feature", "properties": {"name": "University Heights", "population": 51957, "geonameid": "13589209", "province": "11"}, "geometry": {"type": "Point", "coordinates": [-106.57867, 52.14432]}}, {"type": "Feature", "properties": {"name": "Blairmore", "population": 9253, "geonameid": "13589210", "province": "11"}, "geometry": {"type": "Point", "coordinates": [-106.74275, 52.13081]}}, {"type": "Feature", "properties": {"name": "Confederation", "population": 70192, "geonameid": "13589211", "province": "11"}, "geometry": {"type": "Point", "coordinates": [-106.70356, 52.13912]}}, {"type": "Feature", "properties": {"name": "Lawson", "population": 34620, "geonameid": "13589212", "province": "11"}, "geometry": {"type": "Point", "coordinates": [-106.63884, 52.16432]}}, {"type": "Feature", "properties": {"name": "Briarwood", "population": 5297, "geonameid": "13589215", "province": "11"}, "geometry": {"type": "Point", "coordinates": [-106.55907, 52.1111]}}, {"type": "Feature", "properties": {"name": "Rosewood", "population": 7575, "geonameid": "13589217", "province": "11"}, "geometry": {"type": "Point", "coordinates": [-106.5542, 52.09269]}}, {"type": "Feature", "properties": {"name": "Stonebridge", "population": 16392, "geonameid": "13589220", "province": "11"}, "geometry": {"type": "Point", "coordinates": [-106.62266, 52.08454]}}, {"type": "Feature", "properties": {"name": "Arbor Creek", "population": 5226, "geonameid": "13589221", "province": "11"}, "geometry": {"type": "Point", "coordinates": [-106.57185, 52.13154]}}, {"type": "Feature", "properties": {"name": "Evergreen", "population": 10495, "geonameid": "13589224", "province": "11"}, "geometry": {"type": "Point", "coordinates": [-106.56717, 52.16686]}}, {"type": "Feature", "properties": {"name": "Silverspring", "population": 5195, "geonameid": "13589225", "province": "11"}, "geometry": {"type": "Point", "coordinates": [-106.59231, 52.15621]}}, {"type": "Feature", "properties": {"name": "Willowgrove", "population": 9003, "geonameid": "13589227", "province": "11"}, "geometry": {"type": "Point", "coordinates": [-106.55466, 52.14681]}}, {"type": "Feature", "properties": {"name": "Kensington", "population": 5545, "geonameid": "13589230", "province": "11"}, "geometry": {"type": "Point", "coordinates": [-106.75963, 52.13352]}}, {"type": "Feature", "properties": {"name": "Hampton Village", "population": 9288, "geonameid": "13589232", "province": "11"}, "geometry": {"type": "Point", "coordinates": [-106.71752, 52.15421]}}, {"type": "Feature", "properties": {"name": "Northeast Regina", "population": 7260, "geonameid": "13589239", "province": "11"}, "geometry": {"type": "Point", "coordinates": [-104.60686, 50.47678]}}, {"type": "Feature", "properties": {"name": "Arcola East", "population": 33725, "geonameid": "13589240", "province": "11"}, "geometry": {"type": "Point", "coordinates": [-104.53601, 50.43308]}}, {"type": "Feature", "properties": {"name": "Dewdney East", "population": 18715, "geonameid": "13589242", "province": "11"}, "geometry": {"type": "Point", "coordinates": [-104.54671, 50.45428]}}, {"type": "Feature", "properties": {"name": "Al Ritchie", "population": 7890, "geonameid": "13589243", "province": "11"}, "geometry": {"type": "Point", "coordinates": [-104.58496, 50.44248]}}, {"type": "Feature", "properties": {"name": "Cathedral", "population": 7250, "geonameid": "13589244", "province": "11"}, "geometry": {"type": "Point", "coordinates": [-104.63124, 50.44512]}}, {"type": "Feature", "properties": {"name": "North Central", "population": 9085, "geonameid": "13589249", "province": "11"}, "geometry": {"type": "Point", "coordinates": [-104.62776, 50.45715]}}, {"type": "Feature", "properties": {"name": "Harbour Landing", "population": 14375, "geonameid": "13589251", "province": "11"}, "geometry": {"type": "Point", "coordinates": [-104.6523, 50.40742]}}, {"type": "Feature", "properties": {"name": "Prairie View", "population": 8465, "geonameid": "13589253", "province": "11"}, "geometry": {"type": "Point", "coordinates": [-104.68614, 50.47671]}}, {"type": "Feature", "properties": {"name": "Rosemont-Mount Royal", "population": 8760, "geonameid": "13589254", "province": "11"}, "geometry": {"type": "Point", "coordinates": [-104.66477, 50.46288]}}, {"type": "Feature", "properties": {"name": "Twin Lakes", "population": 7280, "geonameid": "13589255", "province": "11"}, "geometry": {"type": "Point", "coordinates": [-104.67527, 50.50068]}}, {"type": "Feature", "properties": {"name": "Walsh Acres-Lakeridge-Garden Ridge", "population": 13055, "geonameid": "13589256", "province": "11"}, "geometry": {"type": "Point", "coordinates": [-104.65663, 50.49703]}}, {"type": "Feature", "properties": {"name": "College Heights", "population": 5476, "geonameid": "13589261", "province": "08"}, "geometry": {"type": "Point", "coordinates": [-89.23475, 48.44072]}}, {"type": "Feature", "properties": {"name": "Northwood", "population": 14017, "geonameid": "13589268", "province": "08"}, "geometry": {"type": "Point", "coordinates": [-89.27522, 48.3891]}}, {"type": "Feature", "properties": {"name": "Shuniah", "population": 10118, "geonameid": "13589270", "province": "08"}, "geometry": {"type": "Point", "coordinates": [-89.20744, 48.46318]}}, {"type": "Feature", "properties": {"name": "Westfort", "population": 8256, "geonameid": "13589273", "province": "08"}, "geometry": {"type": "Point", "coordinates": [-89.28902, 48.36509]}}, {"type": "Feature", "properties": {"name": "Davie Village", "population": 13768, "geonameid": "13589461", "province": "02"}, "geometry": {"type": "Point", "coordinates": [-123.13116, 49.28045]}}, {"type": "Feature", "properties": {"name": "Olympic Village", "population": 9423, "geonameid": "13591683", "province": "02"}, "geometry": {"type": "Point", "coordinates": [-123.11185, 49.26997]}}, {"type": "Feature", "properties": {"name": "Willowdale", "population": 5543, "geonameid": "13591976", "province": "07"}, "geometry": {"type": "Point", "coordinates": [-63.47783, 44.65075]}}, {"type": "Feature", "properties": {"name": "Harbourview", "population": 6656, "geonameid": "13591978", "province": "07"}, "geometry": {"type": "Point", "coordinates": [-63.58543, 44.67717]}}, {"type": "Feature", "properties": {"name": "Westmount", "population": 6388, "geonameid": "13591979", "province": "07"}, "geometry": {"type": "Point", "coordinates": [-63.61084, 44.64731]}}, {"type": "Feature", "properties": {"name": "Williams Lake", "population": 6268, "geonameid": "13591980", "province": "07"}, "geometry": {"type": "Point", "coordinates": [-63.60896, 44.61776]}}, {"type": "Feature", "properties": {"name": "Heron Bay", "population": 5536, "geonameid": "13592146", "province": "04"}, "geometry": {"type": "Point", "coordinates": [-66.39597, 48.02185]}}, {"type": "Feature", "properties": {"name": "Belle-Baie", "population": 14335, "geonameid": "13592147", "province": "04"}, "geometry": {"type": "Point", "coordinates": [-65.74496, 47.76532]}}, {"type": "Feature", "properties": {"name": "Île-de-Lamèque", "population": 5627, "geonameid": "13592150", "province": "04"}, "geometry": {"type": "Point", "coordinates": [-64.59607, 47.84661]}}, {"type": "Feature", "properties": {"name": "Hautes-Terres", "population": 6140, "geonameid": "13592151", "province": "04"}, "geometry": {"type": "Point", "coordinates": [-65.09284, 47.62877]}}, {"type": "Feature", "properties": {"name": "Beaurivage", "population": 6160, "geonameid": "13592157", "province": "04"}, "geometry": {"type": "Point", "coordinates": [-64.96023, 46.68206]}}, {"type": "Feature", "properties": {"name": "Champdoré", "population": 5115, "geonameid": "13592160", "province": "04"}, "geometry": {"type": "Point", "coordinates": [-64.78239, 46.38601]}}, {"type": "Feature", "properties": {"name": "Beausoleil", "population": 8620, "geonameid": "13592161", "province": "04"}, "geometry": {"type": "Point", "coordinates": [-64.60329, 46.29835]}}, {"type": "Feature", "properties": {"name": "Maple Hills", "population": 9547, "geonameid": "13592162", "province": "04"}, "geometry": {"type": "Point", "coordinates": [-64.86945, 46.21332]}}, {"type": "Feature", "properties": {"name": "Cap-Acadie", "population": 9165, "geonameid": "13592163", "province": "04"}, "geometry": {"type": "Point", "coordinates": [-64.32416, 46.20142]}}, {"type": "Feature", "properties": {"name": "Beaubassin East", "population": 6718, "geonameid": "13592165", "province": "04"}, "geometry": {"type": "Point", "coordinates": [-64.418, 46.20917]}}, {"type": "Feature", "properties": {"name": "Tantramar", "population": 14545, "geonameid": "13592168", "province": "04"}, "geometry": {"type": "Point", "coordinates": [-64.39984, 45.93365]}}, {"type": "Feature", "properties": {"name": "Fundy Albert", "population": 6100, "geonameid": "13592169", "province": "04"}, "geometry": {"type": "Point", "coordinates": [-64.65977, 45.80271]}}, {"type": "Feature", "properties": {"name": "Butternut Valley", "population": 5435, "geonameid": "13592171", "province": "04"}, "geometry": {"type": "Point", "coordinates": [-65.5347, 45.83331]}}, {"type": "Feature", "properties": {"name": "Fundy-St. Martins", "population": 5225, "geonameid": "13592173", "province": "04"}, "geometry": {"type": "Point", "coordinates": [-65.43908, 45.40777]}}, {"type": "Feature", "properties": {"name": "Eastern Charlotte", "population": 7325, "geonameid": "13592175", "province": "04"}, "geometry": {"type": "Point", "coordinates": [-66.79484, 45.10301]}}, {"type": "Feature", "properties": {"name": "Sunbury-York South", "population": 7455, "geonameid": "13592176", "province": "04"}, "geometry": {"type": "Point", "coordinates": [-66.60984, 45.83776]}}, {"type": "Feature", "properties": {"name": "Grand Lake", "population": 5725, "geonameid": "13592177", "province": "04"}, "geometry": {"type": "Point", "coordinates": [-65.95682, 46.11258]}}, {"type": "Feature", "properties": {"name": "Central York", "population": 6930, "geonameid": "13592178", "province": "04"}, "geometry": {"type": "Point", "coordinates": [-66.90803, 46.0051]}}, {"type": "Feature", "properties": {"name": "Carleton North", "population": 9170, "geonameid": "13592183", "province": "04"}, "geometry": {"type": "Point", "coordinates": [-67.55754, 46.49895]}}, {"type": "Feature", "properties": {"name": "Downtown Charlottetown", "population": 5517, "geonameid": "13607752", "province": "09"}, "geometry": {"type": "Point", "coordinates": [-63.12734, 46.23253]}}, {"type": "Feature", "properties": {"name": "Downtown Fredericton", "population": 5193, "geonameid": "13607764", "province": "04"}, "geometry": {"type": "Point", "coordinates": [-66.64047, 45.96201]}}, {"type": "Feature", "properties": {"name": "Town Plat", "population": 6104, "geonameid": "13607766", "province": "04"}, "geometry": {"type": "Point", "coordinates": [-66.6499, 45.96122]}}, {"type": "Feature", "properties": {"name": "Fredericton Northside", "population": 28167, "geonameid": "13607919", "province": "04"}, "geometry": {"type": "Point", "coordinates": [-66.64117, 45.97594]}}, {"type": "Feature", "properties": {"name": "Clayton Park West", "population": 16550, "geonameid": "13607951", "province": "07"}, "geometry": {"type": "Point", "coordinates": [-63.66887, 44.65759]}}, {"type": "Feature", "properties": {"name": "Bridgwater Forest", "population": 5295, "geonameid": "13665218", "province": "03"}, "geometry": {"type": "Point", "coordinates": [-97.18287, 49.80481]}}, {"type": "Feature", "properties": {"name": "Fort Richmond", "population": 12290, "geonameid": "13665223", "province": "03"}, "geometry": {"type": "Point", "coordinates": [-97.1444, 49.79187]}}, {"type": "Feature", "properties": {"name": "Montcalm", "population": 5520, "geonameid": "13665224", "province": "03"}, "geometry": {"type": "Point", "coordinates": [-97.15329, 49.81192]}}, {"type": "Feature", "properties": {"name": "Richmond West", "population": 8190, "geonameid": "13665228", "province": "03"}, "geometry": {"type": "Point", "coordinates": [-97.1659, 49.78319]}}, {"type": "Feature", "properties": {"name": "South Pointe", "population": 7535, "geonameid": "13665229", "province": "03"}, "geometry": {"type": "Point", "coordinates": [-97.17979, 49.77918]}}, {"type": "Feature", "properties": {"name": "Waverley Heights", "population": 5150, "geonameid": "13665231", "province": "03"}, "geometry": {"type": "Point", "coordinates": [-97.16758, 49.80816]}}, {"type": "Feature", "properties": {"name": "Fort Garry South", "population": 65420, "geonameid": "13665232", "province": "03"}, "geometry": {"type": "Point", "coordinates": [-97.16359, 49.79225]}}, {"type": "Feature", "properties": {"name": "St. James-Assiniboia East", "population": 27755, "geonameid": "13665233", "province": "03"}, "geometry": {"type": "Point", "coordinates": [-97.22653, 49.88986]}}, {"type": "Feature", "properties": {"name": "Booth", "population": 5660, "geonameid": "13665247", "province": "03"}, "geometry": {"type": "Point", "coordinates": [-97.26952, 49.88505]}}, {"type": "Feature", "properties": {"name": "King Edward", "population": 6190, "geonameid": "13665252", "province": "03"}, "geometry": {"type": "Point", "coordinates": [-97.21331, 49.88461]}}, {"type": "Feature", "properties": {"name": "Silver Heights", "population": 5405, "geonameid": "13665253", "province": "03"}, "geometry": {"type": "Point", "coordinates": [-97.25144, 49.88103]}}, {"type": "Feature", "properties": {"name": "United Townships of Dysart, Dudley, Harcourt, Guilford, Harburn, Bruton, Havelock, Eyre and Clyde", "population": 7182, "geonameid": "13680011", "province": "08"}, "geometry": {"type": "Point", "coordinates": [-78.41667, 45.2]}}, {"type": "Feature", "properties": {"name": "Centre City", "population": 41000, "geonameid": "13680114", "province": "01"}, "geometry": {"type": "Point", "coordinates": [-114.07431, 51.04512]}}]}